pair_id,galaxy_name,obs_id_1,obs_id_2,filter_1,filter_2,compatibility,baseline_days,pair_score,registration_dx_px,registration_dy_px,registration_residual_px,registration_n_matches,scale_factor_post_to_pre,n_scale_sources,pair_stable_fraction,pair_extreme_fade_fraction,pair_is_stable,n_residual_detections,n_survivors,n_fade_survivors,n_brighten_survivors,obsid_1,obsid_2,product_filename_1,product_filename_2,product_uri_1,product_uri_2,product_path_1,product_path_2,product_priority_1,product_priority_2,image_ext_1,image_ext_2,status,error
MESSIER 101::jw02452-o002_t002_nircam_clear-f200w::jw05398-c1144_t000_nircam_clear-f200w,MESSIER 101,jw02452-o002_t002_nircam_clear-f200w,jw05398-c1144_t000_nircam_clear-f200w,F200W,F200W,exact,851.3008862037022,1.4000000000000001,0.7068751547667489,0.5093812146399159,0.10520263294672516,278.0,0.9423758559721281,296.0,0.91,0.0,True,560,97,97.0,0.0,108742734.0,264006136.0,jw02452-o002_t002_nircam_clear-f200w_i2d.fits,jw05398-c1144_t000_nircam_clear-f200w_i2d.fits,cached://JWST/jw02452-o002_t002_nircam_clear-f200w/jw02452-o002_t002_nircam_clear-f200w_i2d.fits,cached://JWST/jw05398-c1144_t000_nircam_clear-f200w/jw05398-c1144_t000_nircam_clear-f200w_i2d.fits,/home/primary/SUPERNOVA/data/cache/mast_products/JWST/jw02452-o002_t002_nircam_clear-f200w/jw02452-o002_t002_nircam_clear-f200w_i2d.fits,/home/primary/SUPERNOVA/data/cache/mast_products/JWST/jw05398-c1144_t000_nircam_clear-f200w/jw05398-c1144_t000_nircam_clear-f200w_i2d.fits,156.0,156.0,SCI,SCI,SCANNED,
NGC 1365::jw02107-o021_t003_nircam_clear-f200w::jw05398-c1024_t000_nircam_clear-f200w,NGC 1365,jw02107-o021_t003_nircam_clear-f200w,jw05398-c1024_t000_nircam_clear-f200w,F200W,F200W,exact,848.0823681481415,1.4000000000000001,,,,,,,,,,0,0,,,,,,,,,,,,,,,FAILED,Insufficient overlap after WCS reprojection.
NGC 4388::jw02064-o009_t005_miri_f1800w-sub256::jw05627-o021_t027_miri_f1800w,NGC 4388,jw02064-o009_t005_miri_f1800w-sub256,jw05627-o021_t027_miri_f1800w,F1800W,F1800W,exact,723.4868845023157,1.4000000000000001,-0.9716139900571932,0.5155473296737583,0.8610729637613355,20.0,1.0,7.0,0.7333333333333333,0.0,True,55,8,8.0,0.0,150193274.0,279680250.0,jw02064-o009_t005_miri_f1800w-sub256_i2d.fits,jw05627-o021_t027_miri_f1800w_i2d.fits,cached://JWST/jw02064-o009_t005_miri_f1800w-sub256/jw02064-o009_t005_miri_f1800w-sub256_i2d.fits,cached://JWST/jw05627-o021_t027_miri_f1800w/jw05627-o021_t027_miri_f1800w_i2d.fits,/home/primary/SUPERNOVA/data/cache/mast_products/JWST/jw02064-o009_t005_miri_f1800w-sub256/jw02064-o009_t005_miri_f1800w-sub256_i2d.fits,/home/primary/SUPERNOVA/data/cache/mast_products/JWST/jw05627-o021_t027_miri_f1800w/jw05627-o021_t027_miri_f1800w_i2d.fits,156.0,156.0,SCI,SCI,SCANNED,
NGC 4388::jw02064-o009_t005_miri_f1500w-sub256::jw05627-o021_t027_miri_f1500w,NGC 4388,jw02064-o009_t005_miri_f1500w-sub256,jw05627-o021_t027_miri_f1500w,F1500W,F1500W,exact,723.4821755092562,1.4000000000000001,0.029063339554014078,-0.06994809057999873,0.37058552297153324,22.0,1.0,6.0,0.7272727272727273,0.0,True,73,10,10.0,0.0,150189426.0,279680254.0,jw02064-o009_t005_miri_f1500w-sub256_i2d.fits,jw05627-o021_t027_miri_f1500w_i2d.fits,cached://JWST/jw02064-o009_t005_miri_f1500w-sub256/jw02064-o009_t005_miri_f1500w-sub256_i2d.fits,cached://JWST/jw05627-o021_t027_miri_f1500w/jw05627-o021_t027_miri_f1500w_i2d.fits,/home/primary/SUPERNOVA/data/cache/mast_products/JWST/jw02064-o009_t005_miri_f1500w-sub256/jw02064-o009_t005_miri_f1500w-sub256_i2d.fits,/home/primary/SUPERNOVA/data/cache/mast_products/JWST/jw05627-o021_t027_miri_f1500w/jw05627-o021_t027_miri_f1500w_i2d.fits,156.0,156.0,SCI,SCI,SCANNED,
NGC 4388::jw02064-o009_t005_miri_f560w-sub256::jw05627-o021_t027_miri_f560w,NGC 4388,jw02064-o009_t005_miri_f560w-sub256,jw05627-o021_t027_miri_f560w,F560W,F560W,exact,723.4616820486117,1.4000000000000001,0.030130061858585577,-0.0070776964976175805,0.8890870871149124,9.0,1.0,4.0,0.5833333333333334,0.0,False,104,0,0.0,0.0,150191294.0,279680252.0,jw02064-o009_t005_miri_f560w-sub256_i2d.fits,jw05627-o021_t027_miri_f560w_i2d.fits,cached://JWST/jw02064-o009_t005_miri_f560w-sub256/jw02064-o009_t005_miri_f560w-sub256_i2d.fits,cached://JWST/jw05627-o021_t027_miri_f560w/jw05627-o021_t027_miri_f560w_i2d.fits,/home/primary/SUPERNOVA/data/cache/mast_products/JWST/jw02064-o009_t005_miri_f560w-sub256/jw02064-o009_t005_miri_f560w-sub256_i2d.fits,/home/primary/SUPERNOVA/data/cache/mast_products/JWST/jw05627-o021_t027_miri_f560w/jw05627-o021_t027_miri_f560w_i2d.fits,156.0,156.0,SCI,SCI,SCANNED,
MESSIER 066::jw02107-o029_t011_nircam_clear-f335m::jw04793-o011_t011_nircam_clear-f335m,MESSIER 066,jw02107-o029_t011_nircam_clear-f335m,jw04793-o011_t011_nircam_clear-f335m,F335M,F335M,exact,708.0771597106504,1.4000000000000001,-0.4490531416149679,0.022895437621514247,0.12267200350079889,206.0,0.9689999194136723,140.0,0.9163763066202091,0.003484320557491289,True,532,180,180.0,0.0,109508000.0,234389745.0,jw02107-o029_t011_nircam_clear-f335m_i2d.fits,jw04793-o011_t011_nircam_clear-f335m_i2d.fits,cached://JWST/jw02107-o029_t011_nircam_clear-f335m/jw02107-o029_t011_nircam_clear-f335m_i2d.fits,cached://JWST/jw04793-o011_t011_nircam_clear-f335m/jw04793-o011_t011_nircam_clear-f335m_i2d.fits,/home/primary/SUPERNOVA/data/cache/mast_products/JWST/jw02107-o029_t011_nircam_clear-f335m/jw02107-o029_t011_nircam_clear-f335m_i2d.fits,/home/primary/SUPERNOVA/data/cache/mast_products/JWST/jw04793-o011_t011_nircam_clear-f335m/jw04793-o011_t011_nircam_clear-f335m_i2d.fits,156.0,156.0,SCI,SCI,SCANNED,
MESSIER 101::jw01995-o001_t001_nircam_clear-f115w::jw05398-c1144_t000_nircam_clear-f115w,MESSIER 101,jw01995-o001_t001_nircam_clear-f115w,jw05398-c1144_t000_nircam_clear-f115w,F115W,F115W,exact,702.7494574189768,1.4000000000000001,-0.6901800159318157,-0.1355936822538979,0.15034797355713295,227.0,1.0598918939408382,162.0,0.6733333333333333,0.0033333333333333335,True,177,5,5.0,0.0,140287690.0,264005642.0,jw01995-o001_t001_nircam_clear-f115w_i2d.fits,jw05398-c1144_t000_nircam_clear-f115w_i2d.fits,cached://JWST/jw01995-o001_t001_nircam_clear-f115w/jw01995-o001_t001_nircam_clear-f115w_i2d.fits,cached://JWST/jw05398-c1144_t000_nircam_clear-f115w/jw05398-c1144_t000_nircam_clear-f115w_i2d.fits,/home/primary/SUPERNOVA/data/cache/mast_products/JWST/jw01995-o001_t001_nircam_clear-f115w/jw01995-o001_t001_nircam_clear-f115w_i2d.fits,/home/primary/SUPERNOVA/data/cache/mast_products/JWST/jw05398-c1144_t000_nircam_clear-f115w/jw05398-c1144_t000_nircam_clear-f115w_i2d.fits,156.0,156.0,SCI,SCI,SCANNED,
MESSIER 101::jw01995-o001_t001_nircam_clear-f444w::jw05398-c1144_t000_nircam_clear-f444w,MESSIER 101,jw01995-o001_t001_nircam_clear-f444w,jw05398-c1144_t000_nircam_clear-f444w,F444W,F444W,exact,702.7494574189768,1.4000000000000001,-0.34406359733903713,0.07994877340217954,0.11921222211978055,21.0,0.9493020870792932,15.0,0.7142857142857143,0.0,True,10,0,0.0,0.0,140287692.0,264005640.0,jw01995-o001_t001_nircam_clear-f444w_i2d.fits,jw05398-c1144_t000_nircam_clear-f444w_i2d.fits,cached://JWST/jw01995-o001_t001_nircam_clear-f444w/jw01995-o001_t001_nircam_clear-f444w_i2d.fits,cached://JWST/jw05398-c1144_t000_nircam_clear-f444w/jw05398-c1144_t000_nircam_clear-f444w_i2d.fits,/home/primary/SUPERNOVA/data/cache/mast_products/JWST/jw01995-o001_t001_nircam_clear-f444w/jw01995-o001_t001_nircam_clear-f444w_i2d.fits,/home/primary/SUPERNOVA/data/cache/mast_products/JWST/jw05398-c1144_t000_nircam_clear-f444w/jw05398-c1144_t000_nircam_clear-f444w_i2d.fits,156.0,156.0,SCI,SCI,SCANNED,
MESSIER 101::jw03921-o040_t042_miri_f2100w::jw07881-o001_t002_miri_f2100w,MESSIER 101,jw03921-o040_t042_miri_f2100w,jw07881-o001_t002_miri_f2100w,F2100W,F2100W,exact,690.8985160648081,1.4000000000000001,-0.9286545305215554,0.167803882113418,0.10900950552707635,16.0,0.971655207909871,27.0,0.7636363636363637,0.05454545454545454,False,58,0,0.0,0.0,212737555.0,378062978.0,jw03921-o040_t042_miri_f2100w_i2d.fits,jw07881-o001_t002_miri_f2100w_i2d.fits,cached://JWST/jw03921-o040_t042_miri_f2100w/jw03921-o040_t042_miri_f2100w_i2d.fits,cached://JWST/jw07881-o001_t002_miri_f2100w/jw07881-o001_t002_miri_f2100w_i2d.fits,/home/primary/SUPERNOVA/data/cache/mast_products/JWST/jw03921-o040_t042_miri_f2100w/jw03921-o040_t042_miri_f2100w_i2d.fits,/home/primary/SUPERNOVA/data/cache/mast_products/JWST/jw07881-o001_t002_miri_f2100w/jw07881-o001_t002_miri_f2100w_i2d.fits,156.0,156.0,SCI,SCI,SCANNED,
MESSIER 101::jw03921-o040_t042_miri_f1500w::jw07881-o001_t002_miri_f1500w,MESSIER 101,jw03921-o040_t042_miri_f1500w,jw07881-o001_t002_miri_f1500w,F1500W,F1500W,exact,690.8932174768488,1.4000000000000001,-1.3425876940103763,0.38965442303685904,0.10525511283462825,51.0,0.9577711263947951,55.0,0.7933884297520661,0.03305785123966942,False,173,0,0.0,0.0,212737556.0,378062984.0,jw03921-o040_t042_miri_f1500w_i2d.fits,jw07881-o001_t002_miri_f1500w_i2d.fits,cached://JWST/jw03921-o040_t042_miri_f1500w/jw03921-o040_t042_miri_f1500w_i2d.fits,cached://JWST/jw07881-o001_t002_miri_f1500w/jw07881-o001_t002_miri_f1500w_i2d.fits,/home/primary/SUPERNOVA/data/cache/mast_products/JWST/jw03921-o040_t042_miri_f1500w/jw03921-o040_t042_miri_f1500w_i2d.fits,/home/primary/SUPERNOVA/data/cache/mast_products/JWST/jw07881-o001_t002_miri_f1500w/jw07881-o001_t002_miri_f1500w_i2d.fits,156.0,156.0,SCI,SCI,SCANNED,
MESSIER 101::jw03921-o040_t042_miri_f770w::jw07881-o001_t002_miri_f770w,MESSIER 101,jw03921-o040_t042_miri_f770w,jw07881-o001_t002_miri_f770w,F770W,F770W,exact,690.8823923032396,1.4000000000000001,-1.0909696892845204,0.20345697533616658,0.14825122888067455,223.0,0.9674186596676118,113.0,0.9416058394160584,0.010948905109489052,True,498,27,27.0,0.0,212737553.0,378062981.0,jw03921-o040_t042_miri_f770w_i2d.fits,jw07881-o001_t002_miri_f770w_i2d.fits,cached://JWST/jw03921-o040_t042_miri_f770w/jw03921-o040_t042_miri_f770w_i2d.fits,cached://JWST/jw07881-o001_t002_miri_f770w/jw07881-o001_t002_miri_f770w_i2d.fits,/home/primary/SUPERNOVA/data/cache/mast_products/JWST/jw03921-o040_t042_miri_f770w/jw03921-o040_t042_miri_f770w_i2d.fits,/home/primary/SUPERNOVA/data/cache/mast_products/JWST/jw07881-o001_t002_miri_f770w/jw07881-o001_t002_miri_f770w_i2d.fits,156.0,156.0,SCI,SCI,SCANNED,
MESSIER 101::jw03921-o040_t042_miri_f1000w::jw07881-o001_t002_miri_f1000w,MESSIER 101,jw03921-o040_t042_miri_f1000w,jw07881-o001_t002_miri_f1000w,F1000W,F1000W,exact,690.8817182291677,1.4000000000000001,-1.3087301669303315,0.28303239021403215,0.11447848427927144,163.0,0.9533630053751652,138.0,0.7307692307692307,0.038461538461538464,False,262,0,0.0,0.0,212737554.0,378062980.0,jw03921-o040_t042_miri_f1000w_i2d.fits,jw07881-o001_t002_miri_f1000w_i2d.fits,cached://JWST/jw03921-o040_t042_miri_f1000w/jw03921-o040_t042_miri_f1000w_i2d.fits,cached://JWST/jw07881-o001_t002_miri_f1000w/jw07881-o001_t002_miri_f1000w_i2d.fits,/home/primary/SUPERNOVA/data/cache/mast_products/JWST/jw03921-o040_t042_miri_f1000w/jw03921-o040_t042_miri_f1000w_i2d.fits,/home/primary/SUPERNOVA/data/cache/mast_products/JWST/jw07881-o001_t002_miri_f1000w/jw07881-o001_t002_miri_f1000w_i2d.fits,156.0,156.0,SCI,SCI,SCANNED,
NGC 3521::jw03707-o045_t026_miri_f770w::jw09258-o010_t002_miri_f770w,NGC 3521,jw03707-o045_t026_miri_f770w,jw09258-o010_t002_miri_f770w,F770W,F770W,exact,607.1694012615771,1.4000000000000001,-0.08750777959994593,-0.020319683171692304,0.44433569179533927,117.0,0.32021411495009705,17.0,0.08823529411764706,0.4264705882352941,False,44,0,0.0,0.0,214109317.0,369260805.0,jw03707-o045_t026_miri_f770w_i2d.fits,jw09258-o010_t002_miri_f770w_i2d.fits,cached://JWST/jw03707-o045_t026_miri_f770w/jw03707-o045_t026_miri_f770w_i2d.fits,cached://JWST/jw09258-o010_t002_miri_f770w/jw09258-o010_t002_miri_f770w_i2d.fits,/home/primary/SUPERNOVA/data/cache/mast_products/JWST/jw03707-o045_t026_miri_f770w/jw03707-o045_t026_miri_f770w_i2d.fits,/home/primary/SUPERNOVA/data/cache/mast_products/JWST/jw09258-o010_t002_miri_f770w/jw09258-o010_t002_miri_f770w_i2d.fits,156.0,156.0,SCI,SCI,SCANNED,
MESSIER 101::jw03429-o003_t001_miri_f2100w::jw07881-o001_t002_miri_f2100w,MESSIER 101,jw03429-o003_t001_miri_f2100w,jw07881-o001_t002_miri_f2100w,F2100W,F2100W,exact,602.878193518518,1.4000000000000001,,,,,,,,,,0,0,,,,,,,,,,,,,,,FAILED,Insufficient overlap after WCS reprojection.
NGC 3521::jw03707-o045_t026_miri_f770w::jw09258-o006_t002_miri_f770w,NGC 3521,jw03707-o045_t026_miri_f770w,jw09258-o006_t002_miri_f770w,F770W,F770W,exact,586.5659998958363,1.4000000000000001,-0.03651575002709251,0.013522831687282633,0.4987035752554001,92.0,1.0,7.0,0.02112676056338028,0.44366197183098594,False,176,0,0.0,0.0,214109317.0,368594675.0,jw03707-o045_t026_miri_f770w_i2d.fits,jw09258-o006_t002_miri_f770w_i2d.fits,cached://JWST/jw03707-o045_t026_miri_f770w/jw03707-o045_t026_miri_f770w_i2d.fits,cached://JWST/jw09258-o006_t002_miri_f770w/jw09258-o006_t002_miri_f770w_i2d.fits,/home/primary/SUPERNOVA/data/cache/mast_products/JWST/jw03707-o045_t026_miri_f770w/jw03707-o045_t026_miri_f770w_i2d.fits,/home/primary/SUPERNOVA/data/cache/mast_products/JWST/jw09258-o006_t002_miri_f770w/jw09258-o006_t002_miri_f770w_i2d.fits,156.0,156.0,SCI,SCI,SCANNED,
NGC 4388::jw02064-o009_t005_miri_f560w-sub256::jw05627-o022_t007_miri_f560w-sub128,NGC 4388,jw02064-o009_t005_miri_f560w-sub256,jw05627-o022_t007_miri_f560w-sub128,F560W,F560W,exact,562.2201320370368,1.4000000000000001,0.0,0.0,,0.0,1.0,1.0,0.07142857142857142,0.07142857142857142,False,2,0,0.0,0.0,150191294.0,236577230.0,jw02064-o009_t005_miri_f560w-sub256_i2d.fits,jw05627-o022_t007_miri_f560w-sub128_i2d.fits,cached://JWST/jw02064-o009_t005_miri_f560w-sub256/jw02064-o009_t005_miri_f560w-sub256_i2d.fits,cached://JWST/jw05627-o022_t007_miri_f560w-sub128/jw05627-o022_t007_miri_f560w-sub128_i2d.fits,/home/primary/SUPERNOVA/data/cache/mast_products/JWST/jw02064-o009_t005_miri_f560w-sub256/jw02064-o009_t005_miri_f560w-sub256_i2d.fits,/home/primary/SUPERNOVA/data/cache/mast_products/JWST/jw05627-o022_t007_miri_f560w-sub128/jw05627-o022_t007_miri_f560w-sub128_i2d.fits,156.0,156.0,SCI,SCI,SCANNED,
NGC 4388::jw02064-o009_t005_miri_f1500w-sub256::jw05627-o022_t007_miri_f1500w-sub128,NGC 4388,jw02064-o009_t005_miri_f1500w-sub256,jw05627-o022_t007_miri_f1500w-sub128,F1500W,F1500W,exact,562.2177727777744,1.4000000000000001,-1.981756997136884,-2.8091304507372,0.407361063551108,8.0,1.0,1.0,0.6818181818181818,0.0,True,9,0,0.0,0.0,150189426.0,236577233.0,jw02064-o009_t005_miri_f1500w-sub256_i2d.fits,jw05627-o022_t007_miri_f1500w-sub128_i2d.fits,cached://JWST/jw02064-o009_t005_miri_f1500w-sub256/jw02064-o009_t005_miri_f1500w-sub256_i2d.fits,cached://JWST/jw05627-o022_t007_miri_f1500w-sub128/jw05627-o022_t007_miri_f1500w-sub128_i2d.fits,/home/primary/SUPERNOVA/data/cache/mast_products/JWST/jw02064-o009_t005_miri_f1500w-sub256/jw02064-o009_t005_miri_f1500w-sub256_i2d.fits,/home/primary/SUPERNOVA/data/cache/mast_products/JWST/jw05627-o022_t007_miri_f1500w-sub128/jw05627-o022_t007_miri_f1500w-sub128_i2d.fits,156.0,156.0,SCI,SCI,SCANNED,
NGC 4388::jw02064-o009_t005_miri_f1800w-sub256::jw05627-o022_t007_miri_f1800w-sub128,NGC 4388,jw02064-o009_t005_miri_f1800w-sub256,jw05627-o022_t007_miri_f1800w-sub128,F1800W,F1800W,exact,562.2139468518508,1.4000000000000001,-2.528659462575405,-2.047229327965212,0.4396868922575745,6.0,1.0,1.0,0.7,0.0,True,11,0,0.0,0.0,150193274.0,236577228.0,jw02064-o009_t005_miri_f1800w-sub256_i2d.fits,jw05627-o022_t007_miri_f1800w-sub128_i2d.fits,cached://JWST/jw02064-o009_t005_miri_f1800w-sub256/jw02064-o009_t005_miri_f1800w-sub256_i2d.fits,cached://JWST/jw05627-o022_t007_miri_f1800w-sub128/jw05627-o022_t007_miri_f1800w-sub128_i2d.fits,/home/primary/SUPERNOVA/data/cache/mast_products/JWST/jw02064-o009_t005_miri_f1800w-sub256/jw02064-o009_t005_miri_f1800w-sub256_i2d.fits,/home/primary/SUPERNOVA/data/cache/mast_products/JWST/jw05627-o022_t007_miri_f1800w-sub128/jw05627-o022_t007_miri_f1800w-sub128_i2d.fits,156.0,156.0,SCI,SCI,SCANNED,
MESSIER 061::jw02107-o013_t013_miri_f2100w::jw03295-o007_t004_miri_f2100w,MESSIER 061,jw02107-o013_t013_miri_f2100w,jw03295-o007_t004_miri_f2100w,F2100W,F2100W,exact,470.01706717592606,1.4000000000000001,-0.2650991674829015,-2.4862202039121257,0.36845761979898983,30.0,0.9581567970203438,44.0,0.9090909090909091,0.0,True,10,0,0.0,0.0,112977717.0,214658690.0,jw02107-o013_t013_miri_f2100w_i2d.fits,jw03295-o007_t004_miri_f2100w_i2d.fits,cached://JWST/jw02107-o013_t013_miri_f2100w/jw02107-o013_t013_miri_f2100w_i2d.fits,cached://JWST/jw03295-o007_t004_miri_f2100w/jw03295-o007_t004_miri_f2100w_i2d.fits,/home/primary/SUPERNOVA/data/cache/mast_products/JWST/jw02107-o013_t013_miri_f2100w/jw02107-o013_t013_miri_f2100w_i2d.fits,/home/primary/SUPERNOVA/data/cache/mast_products/JWST/jw03295-o007_t004_miri_f2100w/jw03295-o007_t004_miri_f2100w_i2d.fits,156.0,156.0,SCI,SCI,SCANNED,
MESSIER 061::jw02107-o013_t013_miri_f1000w::jw03295-o007_t004_miri_f1000w,MESSIER 061,jw02107-o013_t013_miri_f1000w,jw03295-o007_t004_miri_f1000w,F1000W,F1000W,exact,470.00132832175586,1.4000000000000001,-0.9714638478599227,-3.101912533161567,0.32514875348627187,65.0,0.9745886344305241,82.0,0.9727272727272728,0.0,True,201,15,15.0,0.0,112973631.0,214658693.0,jw02107-o013_t013_miri_f1000w_i2d.fits,jw03295-o007_t004_miri_f1000w_i2d.fits,cached://JWST/jw02107-o013_t013_miri_f1000w/jw02107-o013_t013_miri_f1000w_i2d.fits,cached://JWST/jw03295-o007_t004_miri_f1000w/jw03295-o007_t004_miri_f1000w_i2d.fits,/home/primary/SUPERNOVA/data/cache/mast_products/JWST/jw02107-o013_t013_miri_f1000w/jw02107-o013_t013_miri_f1000w_i2d.fits,/home/primary/SUPERNOVA/data/cache/mast_products/JWST/jw03295-o007_t004_miri_f1000w/jw03295-o007_t004_miri_f1000w_i2d.fits,156.0,156.0,SCI,SCI,SCANNED,
MESSIER 061::jw02107-o013_t013_miri_f1130w::jw03295-o007_t004_miri_f1130w,MESSIER 061,jw02107-o013_t013_miri_f1130w,jw03295-o007_t004_miri_f1130w,F1130W,F1130W,exact,470.0012321064787,1.4000000000000001,-1.0388145260170631,-2.9551967915983823,0.3197326286004821,39.0,0.9772540063221035,45.0,0.9846153846153847,0.015384615384615385,True,223,9,9.0,0.0,112977712.0,214658689.0,jw02107-o013_t013_miri_f1130w_i2d.fits,jw03295-o007_t004_miri_f1130w_i2d.fits,cached://JWST/jw02107-o013_t013_miri_f1130w/jw02107-o013_t013_miri_f1130w_i2d.fits,cached://JWST/jw03295-o007_t004_miri_f1130w/jw03295-o007_t004_miri_f1130w_i2d.fits,/home/primary/SUPERNOVA/data/cache/mast_products/JWST/jw02107-o013_t013_miri_f1130w/jw02107-o013_t013_miri_f1130w_i2d.fits,/home/primary/SUPERNOVA/data/cache/mast_products/JWST/jw03295-o007_t004_miri_f1130w/jw03295-o007_t004_miri_f1130w_i2d.fits,156.0,156.0,SCI,SCI,SCANNED,
MESSIER 061::jw02107-o013_t013_miri_f770w::jw03295-o007_t004_miri_f770w,MESSIER 061,jw02107-o013_t013_miri_f770w,jw03295-o007_t004_miri_f770w,F770W,F770W,exact,470.00084677083214,1.4000000000000001,-1.2082219849797866,-3.177448063199108,0.19823642794011292,160.0,0.9684413934493736,168.0,0.9656652360515021,0.008583690987124463,True,535,11,11.0,0.0,112973637.0,214658694.0,jw02107-o013_t013_miri_f770w_i2d.fits,jw03295-o007_t004_miri_f770w_i2d.fits,cached://JWST/jw02107-o013_t013_miri_f770w/jw02107-o013_t013_miri_f770w_i2d.fits,cached://JWST/jw03295-o007_t004_miri_f770w/jw03295-o007_t004_miri_f770w_i2d.fits,/home/primary/SUPERNOVA/data/cache/mast_products/JWST/jw02107-o013_t013_miri_f770w/jw02107-o013_t013_miri_f770w_i2d.fits,/home/primary/SUPERNOVA/data/cache/mast_products/JWST/jw03295-o007_t004_miri_f770w/jw03295-o007_t004_miri_f770w_i2d.fits,156.0,156.0,SCI,SCI,SCANNED,
NGC 1365::jw01995-o006_t006_nircam_clear-f115w::jw05398-c1024_t000_nircam_clear-f115w,NGC 1365,jw01995-o006_t006_nircam_clear-f115w,jw05398-c1024_t000_nircam_clear-f115w,F115W,F115W,exact,467.4778328819448,1.4000000000000001,-0.35281740109076054,-1.4952892780631828,0.09648647283960143,262.0,0.9496787022357737,258.0,0.95,0.0,True,676,63,63.0,0.0,172623010.0,233386597.0,jw01995-o006_t006_nircam_clear-f115w_i2d.fits,jw05398-c1024_t000_nircam_clear-f115w_i2d.fits,cached://JWST/jw01995-o006_t006_nircam_clear-f115w/jw01995-o006_t006_nircam_clear-f115w_i2d.fits,cached://JWST/jw05398-c1024_t000_nircam_clear-f115w/jw05398-c1024_t000_nircam_clear-f115w_i2d.fits,/home/primary/SUPERNOVA/data/cache/mast_products/JWST/jw01995-o006_t006_nircam_clear-f115w/jw01995-o006_t006_nircam_clear-f115w_i2d.fits,/home/primary/SUPERNOVA/data/cache/mast_products/JWST/jw05398-c1024_t000_nircam_clear-f115w/jw05398-c1024_t000_nircam_clear-f115w_i2d.fits,156.0,156.0,SCI,SCI,SCANNED,
NGC 3521::jw03707-o045_t026_miri_f770w::jw09233-o004_t002_miri_f770w,NGC 3521,jw03707-o045_t026_miri_f770w,jw09233-o004_t002_miri_f770w,F770W,F770W,exact,397.2512245023172,1.4000000000000001,-0.04433071791299881,-0.020083054041606374,0.6795337568377697,43.0,0.50512295729024,8.0,0.05078125,0.4765625,False,104,0,0.0,0.0,214109317.0,268466004.0,jw03707-o045_t026_miri_f770w_i2d.fits,jw09233-o004_t002_miri_f770w_i2d.fits,cached://JWST/jw03707-o045_t026_miri_f770w/jw03707-o045_t026_miri_f770w_i2d.fits,cached://JWST/jw09233-o004_t002_miri_f770w/jw09233-o004_t002_miri_f770w_i2d.fits,/home/primary/SUPERNOVA/data/cache/mast_products/JWST/jw03707-o045_t026_miri_f770w/jw03707-o045_t026_miri_f770w_i2d.fits,/home/primary/SUPERNOVA/data/cache/mast_products/JWST/jw09233-o004_t002_miri_f770w/jw09233-o004_t002_miri_f770w_i2d.fits,156.0,156.0,SCI,SCI,SCANNED,
NGC 4388::jw06659-o001_t001_miri_f770w::jw05627-o021_t027_miri_f770w,NGC 4388,jw06659-o001_t001_miri_f770w,jw05627-o021_t027_miri_f770w,F770W,F770W,exact,379.05062583333347,1.4000000000000001,0.059405145373318646,-0.09608230591885558,0.3241344181748815,62.0,1.0,7.0,0.02643171806167401,0.44933920704845814,False,83,0,0.0,0.0,215777153.0,279680251.0,jw06659-o001_t001_miri_f770w_i2d.fits,jw05627-o021_t027_miri_f770w_i2d.fits,cached://JWST/jw06659-o001_t001_miri_f770w/jw06659-o001_t001_miri_f770w_i2d.fits,cached://JWST/jw05627-o021_t027_miri_f770w/jw05627-o021_t027_miri_f770w_i2d.fits,/home/primary/SUPERNOVA/data/cache/mast_products/JWST/jw06659-o001_t001_miri_f770w/jw06659-o001_t001_miri_f770w_i2d.fits,/home/primary/SUPERNOVA/data/cache/mast_products/JWST/jw05627-o021_t027_miri_f770w/jw05627-o021_t027_miri_f770w_i2d.fits,156.0,156.0,SCI,SCI,SCANNED,
NGC 4388::jw06659-o001_t001_miri_f560w::jw05627-o021_t027_miri_f560w,NGC 4388,jw06659-o001_t001_miri_f560w,jw05627-o021_t027_miri_f560w,F560W,F560W,exact,379.0344058796254,1.4000000000000001,-0.01788316302452131,0.040278282346434935,0.4342577522281879,86.0,1.0,3.0,0.04035874439461883,0.5381165919282511,False,333,0,0.0,0.0,215777147.0,279680252.0,jw06659-o001_t001_miri_f560w_i2d.fits,jw05627-o021_t027_miri_f560w_i2d.fits,cached://JWST/jw06659-o001_t001_miri_f560w/jw06659-o001_t001_miri_f560w_i2d.fits,cached://JWST/jw05627-o021_t027_miri_f560w/jw05627-o021_t027_miri_f560w_i2d.fits,/home/primary/SUPERNOVA/data/cache/mast_products/JWST/jw06659-o001_t001_miri_f560w/jw06659-o001_t001_miri_f560w_i2d.fits,/home/primary/SUPERNOVA/data/cache/mast_products/JWST/jw05627-o021_t027_miri_f560w/jw05627-o021_t027_miri_f560w_i2d.fits,156.0,156.0,SCI,SCI,SCANNED,
MESSIER 061::jw02107-o031_t013_nircam_clear-f200w::jw02107-o044_t020_nircam_clear-f200w,MESSIER 061,jw02107-o031_t013_nircam_clear-f200w,jw02107-o044_t020_nircam_clear-f200w,F200W,F200W,exact,370.96410550925793,1.4000000000000001,-0.19900043868528883,-0.8238667163950595,0.234136642607183,213.0,0.942306216079471,21.0,0.6363636363636364,0.011857707509881422,True,576,201,201.0,0.0,113463246.0,210371131.0,jw02107-o031_t013_nircam_clear-f200w_i2d.fits,jw02107-o044_t020_nircam_clear-f200w_i2d.fits,cached://JWST/jw02107-o031_t013_nircam_clear-f200w/jw02107-o031_t013_nircam_clear-f200w_i2d.fits,cached://JWST/jw02107-o044_t020_nircam_clear-f200w/jw02107-o044_t020_nircam_clear-f200w_i2d.fits,/home/primary/SUPERNOVA/data/cache/mast_products/JWST/jw02107-o031_t013_nircam_clear-f200w/jw02107-o031_t013_nircam_clear-f200w_i2d.fits,/home/primary/SUPERNOVA/data/cache/mast_products/JWST/jw02107-o044_t020_nircam_clear-f200w/jw02107-o044_t020_nircam_clear-f200w_i2d.fits,156.0,156.0,SCI,SCI,SCANNED,
MESSIER 061::jw02107-o031_t013_nircam_clear-f300m::jw02107-o044_t020_nircam_clear-f300m,MESSIER 061,jw02107-o031_t013_nircam_clear-f300m,jw02107-o044_t020_nircam_clear-f300m,F300M,F300M,exact,370.96410550925793,1.4000000000000001,-0.35073757423288043,-0.24806493130745366,0.16924285693655416,189.0,0.9628454970840964,167.0,0.8714285714285714,0.0035714285714285713,True,525,115,115.0,0.0,113463165.0,210371138.0,jw02107-o031_t013_nircam_clear-f300m_i2d.fits,jw02107-o044_t020_nircam_clear-f300m_i2d.fits,cached://JWST/jw02107-o031_t013_nircam_clear-f300m/jw02107-o031_t013_nircam_clear-f300m_i2d.fits,cached://JWST/jw02107-o044_t020_nircam_clear-f300m/jw02107-o044_t020_nircam_clear-f300m_i2d.fits,/home/primary/SUPERNOVA/data/cache/mast_products/JWST/jw02107-o031_t013_nircam_clear-f300m/jw02107-o031_t013_nircam_clear-f300m_i2d.fits,/home/primary/SUPERNOVA/data/cache/mast_products/JWST/jw02107-o044_t020_nircam_clear-f300m/jw02107-o044_t020_nircam_clear-f300m_i2d.fits,156.0,156.0,SCI,SCI,SCANNED,
MESSIER 061::jw02107-o031_t013_nircam_clear-f335m::jw02107-o044_t020_nircam_clear-f335m,MESSIER 061,jw02107-o031_t013_nircam_clear-f335m,jw02107-o044_t020_nircam_clear-f335m,F335M,F335M,exact,370.9641054976819,1.4000000000000001,-0.23206784482044895,-0.12867448887527644,0.19564124561384397,191.0,0.988429114717383,143.0,0.8958333333333334,0.0,True,521,158,158.0,0.0,113463339.0,210371121.0,jw02107-o031_t013_nircam_clear-f335m_i2d.fits,jw02107-o044_t020_nircam_clear-f335m_i2d.fits,cached://JWST/jw02107-o031_t013_nircam_clear-f335m/jw02107-o031_t013_nircam_clear-f335m_i2d.fits,cached://JWST/jw02107-o044_t020_nircam_clear-f335m/jw02107-o044_t020_nircam_clear-f335m_i2d.fits,/home/primary/SUPERNOVA/data/cache/mast_products/JWST/jw02107-o031_t013_nircam_clear-f335m/jw02107-o031_t013_nircam_clear-f335m_i2d.fits,/home/primary/SUPERNOVA/data/cache/mast_products/JWST/jw02107-o044_t020_nircam_clear-f335m/jw02107-o044_t020_nircam_clear-f335m_i2d.fits,156.0,156.0,SCI,SCI,SCANNED,
MESSIER 061::jw02107-o031_t013_nircam_clear-f360m::jw02107-o044_t020_nircam_clear-f360m,MESSIER 061,jw02107-o031_t013_nircam_clear-f360m,jw02107-o044_t020_nircam_clear-f360m,F360M,F360M,exact,370.9641047685218,1.4000000000000001,0.007458915357233309,-0.26033559180234533,0.09934189507652899,176.0,0.9695976035610477,146.0,0.868,0.004,True,530,177,177.0,0.0,113463303.0,210371117.0,jw02107-o031_t013_nircam_clear-f360m_i2d.fits,jw02107-o044_t020_nircam_clear-f360m_i2d.fits,cached://JWST/jw02107-o031_t013_nircam_clear-f360m/jw02107-o031_t013_nircam_clear-f360m_i2d.fits,cached://JWST/jw02107-o044_t020_nircam_clear-f360m/jw02107-o044_t020_nircam_clear-f360m_i2d.fits,/home/primary/SUPERNOVA/data/cache/mast_products/JWST/jw02107-o031_t013_nircam_clear-f360m/jw02107-o031_t013_nircam_clear-f360m_i2d.fits,/home/primary/SUPERNOVA/data/cache/mast_products/JWST/jw02107-o044_t020_nircam_clear-f360m/jw02107-o044_t020_nircam_clear-f360m_i2d.fits,156.0,156.0,SCI,SCI,SCANNED,
NGC 1097::hst_9788_03_acs_wfc_f814w_j8mx03::hst_15654_58_acs_wfc_f814w_jdxr58,NGC 1097,hst_9788_03_acs_wfc_f814w_j8mx03,hst_15654_58_acs_wfc_f814w_jdxr58,F814W,F814W,exact,5914.974981600004,1.4000000000000001,,,,,,,,,,0,0,,,,,,,,,,,,,,,FAILED,Insufficient overlap after WCS reprojection.
MESSIER 100::hst_11646_01_wfc3_uvis_f555w_ib2q01::hst_16500_01_wfc3_uvis_f555w_iejn01,MESSIER 100,hst_11646_01_wfc3_uvis_f555w_ib2q01,hst_16500_01_wfc3_uvis_f555w_iejn01,F555W,F555W,exact,4212.60654827,1.4000000000000001,0.0,0.0,,0.0,1.0,5.0,0.0,0.9895470383275261,False,483,0,0.0,0.0,26508855.0,60942197.0,hst_11646_01_wfc3_uvis_f555w_ib2q01_drc.fits,hst_16500_01_wfc3_uvis_f555w_iejn01_drc.fits,cached://HST/hst_11646_01_wfc3_uvis_f555w_ib2q01/hst_11646_01_wfc3_uvis_f555w_ib2q01_drc.fits,cached://HST/hst_16500_01_wfc3_uvis_f555w_iejn01/hst_16500_01_wfc3_uvis_f555w_iejn01_drc.fits,/home/primary/SUPERNOVA/data/cache/mast_products/HST/hst_11646_01_wfc3_uvis_f555w_ib2q01/hst_11646_01_wfc3_uvis_f555w_ib2q01_drc.fits,/home/primary/SUPERNOVA/data/cache/mast_products/HST/hst_16500_01_wfc3_uvis_f555w_iejn01/hst_16500_01_wfc3_uvis_f555w_iejn01_drc.fits,156.0,156.0,SCI,SCI,SCANNED,
NGC 1097::hst_13413_01_wfc3_uvis_f657n_icc501::hst_17457_04_wfc3_uvis_f657n_if8k04,NGC 1097,hst_13413_01_wfc3_uvis_f657n_icc501,hst_17457_04_wfc3_uvis_f657n_if8k04,F657N,F657N,exact,4199.112101659994,1.4000000000000001,0.3774450848154629,0.035402498973326146,0.13079173273084244,176.0,1.0022929167416428,117.0,0.863481228668942,0.051194539249146756,False,640,0,0.0,0.0,26602179.0,309493197.0,hst_13413_01_wfc3_uvis_f657n_icc501_drc.fits,hst_17457_04_wfc3_uvis_f657n_if8k04_drc.fits,cached://HST/hst_13413_01_wfc3_uvis_f657n_icc501/hst_13413_01_wfc3_uvis_f657n_icc501_drc.fits,cached://HST/hst_17457_04_wfc3_uvis_f657n_if8k04/hst_17457_04_wfc3_uvis_f657n_if8k04_drc.fits,/home/primary/SUPERNOVA/data/cache/mast_products/HST/hst_13413_01_wfc3_uvis_f657n_icc501/hst_13413_01_wfc3_uvis_f657n_icc501_drc.fits,/home/primary/SUPERNOVA/data/cache/mast_products/HST/hst_17457_04_wfc3_uvis_f657n_if8k04/hst_17457_04_wfc3_uvis_f657n_if8k04_drc.fits,156.0,156.0,SCI,SCI,SCANNED,
NGC 4414::hst_12888_01_wfc3_uvis_f555w_ibzv01::hst_17413_31_wfc3_uvis_f555w_if8731,NGC 4414,hst_12888_01_wfc3_uvis_f555w_ibzv01,hst_17413_31_wfc3_uvis_f555w_if8731,F555W,F555W,exact,3963.153147539997,1.4000000000000001,0.0,0.0,,0.0,1.0,1.0,0.0,0.6538461538461539,False,33,0,0.0,0.0,26579158.0,215035418.0,hst_12888_01_wfc3_uvis_f555w_ibzv01_drc.fits,hst_17413_31_wfc3_uvis_f555w_if8731_drc.fits,cached://HST/hst_12888_01_wfc3_uvis_f555w_ibzv01/hst_12888_01_wfc3_uvis_f555w_ibzv01_drc.fits,cached://HST/hst_17413_31_wfc3_uvis_f555w_if8731/hst_17413_31_wfc3_uvis_f555w_if8731_drc.fits,/home/primary/SUPERNOVA/data/cache/mast_products/HST/hst_12888_01_wfc3_uvis_f555w_ibzv01/hst_12888_01_wfc3_uvis_f555w_ibzv01_drc.fits,/home/primary/SUPERNOVA/data/cache/mast_products/HST/hst_17413_31_wfc3_uvis_f555w_if8731/hst_17413_31_wfc3_uvis_f555w_if8731_drc.fits,156.0,156.0,SCI,SCI,SCANNED,
MESSIER 100::hst_11646_01_wfc3_uvis_f555w_ib2q01::hst_16075_01_wfc3_uvis_f555w_ie9801,MESSIER 100,hst_11646_01_wfc3_uvis_f555w_ib2q01,hst_16075_01_wfc3_uvis_f555w_ie9801,F555W,F555W,exact,3843.6295484599977,1.4000000000000001,0.19265632454062143,-0.572762974599982,0.12172962883195701,218.0,0.9167167422774366,123.0,0.7952218430034129,0.04436860068259386,False,591,0,0.0,0.0,26508855.0,26713019.0,hst_11646_01_wfc3_uvis_f555w_ib2q01_drc.fits,hst_16075_01_wfc3_uvis_f555w_ie9801_drc.fits,cached://HST/hst_11646_01_wfc3_uvis_f555w_ib2q01/hst_11646_01_wfc3_uvis_f555w_ib2q01_drc.fits,cached://HST/hst_16075_01_wfc3_uvis_f555w_ie9801/hst_16075_01_wfc3_uvis_f555w_ie9801_drc.fits,/home/primary/SUPERNOVA/data/cache/mast_products/HST/hst_11646_01_wfc3_uvis_f555w_ib2q01/hst_11646_01_wfc3_uvis_f555w_ib2q01_drc.fits,/home/primary/SUPERNOVA/data/cache/mast_products/HST/hst_16075_01_wfc3_uvis_f555w_ie9801/hst_16075_01_wfc3_uvis_f555w_ie9801_drc.fits,156.0,156.0,SCI,SCI,SCANNED,
NGC 4414::hst_12888_01_wfc3_uvis_f555w_ibzv01::hst_17413_30_wfc3_uvis_f555w_if8730,NGC 4414,hst_12888_01_wfc3_uvis_f555w_ibzv01,hst_17413_30_wfc3_uvis_f555w_if8730,F555W,F555W,exact,3828.319923789997,1.4000000000000001,0.0,0.0,,0.0,1.0,2.0,0.0,0.7142857142857143,False,33,0,0.0,0.0,26579158.0,201407166.0,hst_12888_01_wfc3_uvis_f555w_ibzv01_drc.fits,hst_17413_30_wfc3_uvis_f555w_if8730_drc.fits,cached://HST/hst_12888_01_wfc3_uvis_f555w_ibzv01/hst_12888_01_wfc3_uvis_f555w_ibzv01_drc.fits,cached://HST/hst_17413_30_wfc3_uvis_f555w_if8730/hst_17413_30_wfc3_uvis_f555w_if8730_drc.fits,/home/primary/SUPERNOVA/data/cache/mast_products/HST/hst_12888_01_wfc3_uvis_f555w_ibzv01/hst_12888_01_wfc3_uvis_f555w_ibzv01_drc.fits,/home/primary/SUPERNOVA/data/cache/mast_products/HST/hst_17413_30_wfc3_uvis_f555w_if8730/hst_17413_30_wfc3_uvis_f555w_if8730_drc.fits,156.0,156.0,SCI,SCI,SCANNED,
NGC 4414::hst_12888_01_wfc3_uvis_f555w_ibzv01::hst_17191_03_wfc3_uvis_f555w_iex603,NGC 4414,hst_12888_01_wfc3_uvis_f555w_ibzv01,hst_17191_03_wfc3_uvis_f555w_iex603,F555W,F555W,exact,3655.8506246899997,1.4000000000000001,0.5220058597952857,-1.732116143207918,1.5948359181529868,6.0,1.0,3.0,0.024390243902439025,0.7682926829268293,False,106,0,0.0,0.0,26579158.0,153426699.0,hst_12888_01_wfc3_uvis_f555w_ibzv01_drc.fits,hst_17191_03_wfc3_uvis_f555w_iex603_drc.fits,cached://HST/hst_12888_01_wfc3_uvis_f555w_ibzv01/hst_12888_01_wfc3_uvis_f555w_ibzv01_drc.fits,cached://HST/hst_17191_03_wfc3_uvis_f555w_iex603/hst_17191_03_wfc3_uvis_f555w_iex603_drc.fits,/home/primary/SUPERNOVA/data/cache/mast_products/HST/hst_12888_01_wfc3_uvis_f555w_ibzv01/hst_12888_01_wfc3_uvis_f555w_ibzv01_drc.fits,/home/primary/SUPERNOVA/data/cache/mast_products/HST/hst_17191_03_wfc3_uvis_f555w_iex603/hst_17191_03_wfc3_uvis_f555w_iex603_drc.fits,156.0,156.0,SCI,SCI,SCANNED,
MESSIER 099::hst_12118_04_wfc3_uvis_f814w_ibfx04::hst_15654_24_wfc3_uvis_f814w_idxr24,MESSIER 099,hst_12118_04_wfc3_uvis_f814w_ibfx04,hst_15654_24_wfc3_uvis_f814w_idxr24,F814W,F814W,exact,3558.0875048499947,1.4000000000000001,0.7233193586989728,-1.1710190524481732,0.33899200532944224,73.0,0.9398138515332167,89.0,0.7109375,0.1171875,False,502,0,0.0,0.0,26571628.0,26698324.0,hst_12118_04_wfc3_uvis_f814w_ibfx04_drc.fits,hst_15654_24_wfc3_uvis_f814w_idxr24_drc.fits,cached://HST/hst_12118_04_wfc3_uvis_f814w_ibfx04/hst_12118_04_wfc3_uvis_f814w_ibfx04_drc.fits,cached://HST/hst_15654_24_wfc3_uvis_f814w_idxr24/hst_15654_24_wfc3_uvis_f814w_idxr24_drc.fits,/home/primary/SUPERNOVA/data/cache/mast_products/HST/hst_12118_04_wfc3_uvis_f814w_ibfx04/hst_12118_04_wfc3_uvis_f814w_ibfx04_drc.fits,/home/primary/SUPERNOVA/data/cache/mast_products/HST/hst_15654_24_wfc3_uvis_f814w_idxr24/hst_15654_24_wfc3_uvis_f814w_idxr24_drc.fits,156.0,156.0,SCI,SCI,SCANNED,
NGC 4536::hst_11570_24_wfc3_uvis_f555w_ib1f24::hst_15654_29_wfc3_uvis_f555w_idxr29,NGC 4536,hst_11570_24_wfc3_uvis_f555w_ib1f24,hst_15654_29_wfc3_uvis_f555w_idxr29,F555W,F555W,exact,3534.4128637299946,1.4000000000000001,-0.5555744221668135,-0.5306671977375572,0.13872705733208068,226.0,0.8780048837390204,211.0,0.9,0.04,False,543,0,0.0,0.0,26506213.0,26695642.0,hst_11570_24_wfc3_uvis_f555w_ib1f24_drc.fits,hst_15654_29_wfc3_uvis_f555w_idxr29_drc.fits,cached://HST/hst_11570_24_wfc3_uvis_f555w_ib1f24/hst_11570_24_wfc3_uvis_f555w_ib1f24_drc.fits,cached://HST/hst_15654_29_wfc3_uvis_f555w_idxr29/hst_15654_29_wfc3_uvis_f555w_idxr29_drc.fits,/home/primary/SUPERNOVA/data/cache/mast_products/HST/hst_11570_24_wfc3_uvis_f555w_ib1f24/hst_11570_24_wfc3_uvis_f555w_ib1f24_drc.fits,/home/primary/SUPERNOVA/data/cache/mast_products/HST/hst_15654_29_wfc3_uvis_f555w_idxr29/hst_15654_29_wfc3_uvis_f555w_idxr29_drc.fits,156.0,156.0,SCI,SCI,SCANNED,
NGC 1448::hst_12880_16_wfc3_ir_f160w_ic1316::hst_17000_06_wfc3_ir_f160w_iev206,NGC 1448,hst_12880_16_wfc3_ir_f160w_ic1316,hst_17000_06_wfc3_ir_f160w_iev206,F160W,F160W,exact,3428.9285568699997,1.4000000000000001,0.0,0.0,,0.0,1.0,1.0,0.0625,0.9375,False,363,0,0.0,0.0,26583000.0,116143396.0,hst_12880_16_wfc3_ir_f160w_ic1316_drz.fits,hst_17000_06_wfc3_ir_f160w_iev206_drz.fits,cached://HST/hst_12880_16_wfc3_ir_f160w_ic1316/hst_12880_16_wfc3_ir_f160w_ic1316_drz.fits,cached://HST/hst_17000_06_wfc3_ir_f160w_iev206/hst_17000_06_wfc3_ir_f160w_iev206_drz.fits,/home/primary/SUPERNOVA/data/cache/mast_products/HST/hst_12880_16_wfc3_ir_f160w_ic1316/hst_12880_16_wfc3_ir_f160w_ic1316_drz.fits,/home/primary/SUPERNOVA/data/cache/mast_products/HST/hst_17000_06_wfc3_ir_f160w_iev206/hst_17000_06_wfc3_ir_f160w_iev206_drz.fits,156.0,156.0,SCI,SCI,SCANNED,
NGC 1448::hst_12880_20_wfc3_ir_f160w_ic1320::hst_17000_06_wfc3_ir_f160w_iev206,NGC 1448,hst_12880_20_wfc3_ir_f160w_ic1320,hst_17000_06_wfc3_ir_f160w_iev206,F160W,F160W,exact,3402.4069358900015,1.4000000000000001,-0.8010122517847549,-0.9429710389588122,0.905916544310075,6.0,1.0,0.0,0.0,1.0,False,383,0,0.0,0.0,26583618.0,116143396.0,hst_12880_20_wfc3_ir_f160w_ic1320_drz.fits,hst_17000_06_wfc3_ir_f160w_iev206_drz.fits,cached://HST/hst_12880_20_wfc3_ir_f160w_ic1320/hst_12880_20_wfc3_ir_f160w_ic1320_drz.fits,cached://HST/hst_17000_06_wfc3_ir_f160w_iev206/hst_17000_06_wfc3_ir_f160w_iev206_drz.fits,/home/primary/SUPERNOVA/data/cache/mast_products/HST/hst_12880_20_wfc3_ir_f160w_ic1320/hst_12880_20_wfc3_ir_f160w_ic1320_drz.fits,/home/primary/SUPERNOVA/data/cache/mast_products/HST/hst_17000_06_wfc3_ir_f160w_iev206/hst_17000_06_wfc3_ir_f160w_iev206_drz.fits,156.0,156.0,SCI,SCI,SCANNED,
NGC 4039::hst_11577_91_acs_wfc_f814w_jb5u91::hst_15645_19_acs_wfc_f814w_jdxk19,NGC 4039,hst_11577_91_acs_wfc_f814w_jb5u91,hst_15645_19_acs_wfc_f814w_jdxk19,F814W,F814W,exact,3385.5115249500013,1.4000000000000001,,,,,,,,,,0,0,,,,,,,,,,,,,,,FAILED,Insufficient overlap after WCS reprojection.
NGC 1448::hst_12880_23_wfc3_ir_f160w_ic1323::hst_17000_06_wfc3_ir_f160w_iev206,NGC 1448,hst_12880_23_wfc3_ir_f160w_ic1323,hst_17000_06_wfc3_ir_f160w_iev206,F160W,F160W,exact,3383.286287740004,1.4000000000000001,0.0,0.0,,0.0,1.0,6.0,0.16216216216216217,0.8378378378378378,False,394,0,0.0,0.0,26583567.0,116143396.0,hst_12880_23_wfc3_ir_f160w_ic1323_drz.fits,hst_17000_06_wfc3_ir_f160w_iev206_drz.fits,cached://HST/hst_12880_23_wfc3_ir_f160w_ic1323/hst_12880_23_wfc3_ir_f160w_ic1323_drz.fits,cached://HST/hst_17000_06_wfc3_ir_f160w_iev206/hst_17000_06_wfc3_ir_f160w_iev206_drz.fits,/home/primary/SUPERNOVA/data/cache/mast_products/HST/hst_12880_23_wfc3_ir_f160w_ic1323/hst_12880_23_wfc3_ir_f160w_ic1323_drz.fits,/home/primary/SUPERNOVA/data/cache/mast_products/HST/hst_17000_06_wfc3_ir_f160w_iev206/hst_17000_06_wfc3_ir_f160w_iev206_drz.fits,156.0,156.0,SCI,SCI,SCANNED,
NGC 4039::hst_11577_20_acs_wfc_f814w_jb5u20::hst_15645_19_acs_wfc_f814w_jdxk19,NGC 4039,hst_11577_20_acs_wfc_f814w_jb5u20,hst_15645_19_acs_wfc_f814w_jdxk19,F814W,F814W,exact,3382.829707249999,1.4000000000000001,,,,,,,,,,0,0,,,,,,,,,,,,,,,FAILED,Insufficient overlap after WCS reprojection.
NGC 4039::hst_11577_12_acs_wfc_f814w_jb5u12::hst_15645_19_acs_wfc_f814w_jdxk19,NGC 4039,hst_11577_12_acs_wfc_f814w_jb5u12,hst_15645_19_acs_wfc_f814w_jdxk19,F814W,F814W,exact,3376.504799839997,1.4000000000000001,,,,,,,,,,0,0,,,,,,,,,,,,,,,FAILED,Insufficient overlap after WCS reprojection.
IC 2163::hst_13029_10_wfc3_uvis_f814w_ibyb10::hst_16239_28_wfc3_uvis_f814w_ieec28,IC 2163,hst_13029_10_wfc3_uvis_f814w_ibyb10,hst_16239_28_wfc3_uvis_f814w_ieec28,F814W,F814W,exact,3224.5326096499994,1.4000000000000001,,,,,,,,,,0,0,,,,,,,,,,,,,,,FAILED,Insufficient overlap after WCS reprojection.
NGC 2207::hst_13029_10_wfc3_uvis_f814w_ibyb10::hst_16239_28_wfc3_uvis_f814w_ieec28,NGC 2207,hst_13029_10_wfc3_uvis_f814w_ibyb10,hst_16239_28_wfc3_uvis_f814w_ieec28,F814W,F814W,exact,3224.5326096499994,1.4000000000000001,,,,,,,,,,0,0,,,,,,,,,,,,,,,FAILED,Insufficient overlap after WCS reprojection.
NGC 7479::hst_11575_53_acs_wfc_f814w_jb4u53::hst_15645_09_acs_wfc_f814w_jdxk09,NGC 7479,hst_11575_53_acs_wfc_f814w_jb4u53,hst_15645_09_acs_wfc_f814w_jdxk09,F814W,F814W,exact,3115.3816238699947,1.4000000000000001,1.864275318448108,1.3703902513494768,0.4129982343192373,98.0,0.9107440925949546,117.0,0.4781021897810219,0.17153284671532848,False,544,0,0.0,0.0,26414899.0,26493734.0,hst_11575_53_acs_wfc_f814w_jb4u53_drc.fits,hst_15645_09_acs_wfc_f814w_jdxk09_drc.fits,cached://HST/hst_11575_53_acs_wfc_f814w_jb4u53/hst_11575_53_acs_wfc_f814w_jb4u53_drc.fits,cached://HST/hst_15645_09_acs_wfc_f814w_jdxk09/hst_15645_09_acs_wfc_f814w_jdxk09_drc.fits,/home/primary/SUPERNOVA/data/cache/mast_products/HST/hst_11575_53_acs_wfc_f814w_jb4u53/hst_11575_53_acs_wfc_f814w_jb4u53_drc.fits,/home/primary/SUPERNOVA/data/cache/mast_products/HST/hst_15645_09_acs_wfc_f814w_jdxk09/hst_15645_09_acs_wfc_f814w_jdxk09_drc.fits,156.0,156.0,SCI,SCI,SCANNED,
NGC 3147::hst_15145_32_wfc3_uvis_f555w_idgg32::hst_17846_03_wfc3_uvis_f555w_ifgg03,NGC 3147,hst_15145_32_wfc3_uvis_f555w_idgg32,hst_17846_03_wfc3_uvis_f555w_ifgg03,F555W,F555W,exact,2744.8578700200014,1.4000000000000001,0.0,0.0,,0.0,1.0,5.0,0.0,0.9763779527559056,False,581,0,0.0,0.0,26668462.0,264855758.0,hst_15145_32_wfc3_uvis_f555w_idgg32_drc.fits,hst_17846_03_wfc3_uvis_f555w_ifgg03_drc.fits,cached://HST/hst_15145_32_wfc3_uvis_f555w_idgg32/hst_15145_32_wfc3_uvis_f555w_idgg32_drc.fits,cached://HST/hst_17846_03_wfc3_uvis_f555w_ifgg03/hst_17846_03_wfc3_uvis_f555w_ifgg03_drc.fits,/home/primary/SUPERNOVA/data/cache/mast_products/HST/hst_15145_32_wfc3_uvis_f555w_idgg32/hst_15145_32_wfc3_uvis_f555w_idgg32_drc.fits,/home/primary/SUPERNOVA/data/cache/mast_products/HST/hst_17846_03_wfc3_uvis_f555w_ifgg03/hst_17846_03_wfc3_uvis_f555w_ifgg03_drc.fits,156.0,156.0,SCI,SCI,SCANNED,
NGC 7331::hst_14668_04_wfc3_uvis_f555w_id9604::hst_17506_25_wfc3_uvis_f555w_if8c25,NGC 7331,hst_14668_04_wfc3_uvis_f555w_id9604,hst_17506_25_wfc3_uvis_f555w_if8c25,F555W,F555W,exact,2643.3501688500037,1.4000000000000001,0.0,0.0,,0.0,1.0,3.0,0.0,0.9808429118773946,False,574,0,0.0,0.0,26302845.0,201411183.0,hst_14668_04_wfc3_uvis_f555w_id9604_drc.fits,hst_17506_25_wfc3_uvis_f555w_if8c25_drc.fits,cached://HST/hst_14668_04_wfc3_uvis_f555w_id9604/hst_14668_04_wfc3_uvis_f555w_id9604_drc.fits,cached://HST/hst_17506_25_wfc3_uvis_f555w_if8c25/hst_17506_25_wfc3_uvis_f555w_if8c25_drc.fits,/home/primary/SUPERNOVA/data/cache/mast_products/HST/hst_14668_04_wfc3_uvis_f555w_id9604/hst_14668_04_wfc3_uvis_f555w_id9604_drc.fits,/home/primary/SUPERNOVA/data/cache/mast_products/HST/hst_17506_25_wfc3_uvis_f555w_if8c25/hst_17506_25_wfc3_uvis_f555w_if8c25_drc.fits,156.0,156.0,SCI,SCI,SCANNED,
NGC 3147::hst_15145_3a_wfc3_uvis_f555w_idgg3a::hst_17846_03_wfc3_uvis_f555w_ifgg03,NGC 3147,hst_15145_3a_wfc3_uvis_f555w_idgg3a,hst_17846_03_wfc3_uvis_f555w_ifgg03,F555W,F555W,exact,2607.6724735800017,1.4000000000000001,0.0,0.0,,0.0,1.0,3.0,0.0,0.98828125,False,574,0,0.0,0.0,26668583.0,264855758.0,hst_15145_3a_wfc3_uvis_f555w_idgg3a_drc.fits,hst_17846_03_wfc3_uvis_f555w_ifgg03_drc.fits,cached://HST/hst_15145_3a_wfc3_uvis_f555w_idgg3a/hst_15145_3a_wfc3_uvis_f555w_idgg3a_drc.fits,cached://HST/hst_17846_03_wfc3_uvis_f555w_ifgg03/hst_17846_03_wfc3_uvis_f555w_ifgg03_drc.fits,/home/primary/SUPERNOVA/data/cache/mast_products/HST/hst_15145_3a_wfc3_uvis_f555w_idgg3a/hst_15145_3a_wfc3_uvis_f555w_idgg3a_drc.fits,/home/primary/SUPERNOVA/data/cache/mast_products/HST/hst_17846_03_wfc3_uvis_f555w_ifgg03/hst_17846_03_wfc3_uvis_f555w_ifgg03_drc.fits,156.0,156.0,SCI,SCI,SCANNED,
IC 2163::hst_13787_05_wfc3_uvis_f555w_ickj05::hst_skycell-p0818x12y14_wfc3_uvis_f555w_all,IC 2163,hst_13787_05_wfc3_uvis_f555w_ickj05,hst_skycell-p0818x12y14_wfc3_uvis_f555w_all,F555W,F555W,exact,2333.795166759999,1.4000000000000001,,,,,,,,,,0,0,,,,,,,,,,,,,,,FAILED,Insufficient overlap after WCS reprojection.
NGC 2207::hst_13787_05_wfc3_uvis_f555w_ickj05::hst_16239_28_wfc3_uvis_f555w_ieec28,NGC 2207,hst_13787_05_wfc3_uvis_f555w_ickj05,hst_16239_28_wfc3_uvis_f555w_ieec28,F555W,F555W,exact,2333.795166759999,1.4000000000000001,,,,,,,,,,0,0,,,,,,,,,,,,,,,FAILED,Insufficient overlap after WCS reprojection.
NGC 2207::hst_13787_05_wfc3_uvis_f814w_ickj05::hst_16239_28_wfc3_uvis_f814w_ieec28,NGC 2207,hst_13787_05_wfc3_uvis_f814w_ickj05,hst_16239_28_wfc3_uvis_f814w_ieec28,F814W,F814W,exact,2333.7100852799995,1.4000000000000001,,,,,,,,,,0,0,,,,,,,,,,,,,,,FAILED,Insufficient overlap after WCS reprojection.
MESSIER 066::hst_12968_01_wfc3_uvis_f438w_ic0h01::hst_15654_22_wfc3_uvis_f438w_idxr22,MESSIER 066,hst_12968_01_wfc3_uvis_f438w_ic0h01,hst_15654_22_wfc3_uvis_f438w_idxr22,F438W,F438W,exact,2203.6784212899947,1.4000000000000001,-0.11255576460962402,-0.042848229498133605,0.16880871869207995,258.0,0.9589285424858741,244.0,0.9466666666666667,0.0033333333333333335,True,494,2,2.0,0.0,26583197.0,26689617.0,hst_12968_01_wfc3_uvis_f438w_ic0h01_drc.fits,hst_15654_22_wfc3_uvis_f438w_idxr22_drc.fits,cached://HST/hst_12968_01_wfc3_uvis_f438w_ic0h01/hst_12968_01_wfc3_uvis_f438w_ic0h01_drc.fits,cached://HST/hst_15654_22_wfc3_uvis_f438w_idxr22/hst_15654_22_wfc3_uvis_f438w_idxr22_drc.fits,/home/primary/SUPERNOVA/data/cache/mast_products/HST/hst_12968_01_wfc3_uvis_f438w_ic0h01/hst_12968_01_wfc3_uvis_f438w_ic0h01_drc.fits,/home/primary/SUPERNOVA/data/cache/mast_products/HST/hst_15654_22_wfc3_uvis_f438w_idxr22/hst_15654_22_wfc3_uvis_f438w_idxr22_drc.fits,156.0,156.0,SCI,SCI,SCANNED,
MESSIER 066::hst_12968_01_wfc3_uvis_f814w_ic0h01::hst_15654_22_wfc3_uvis_f814w_idxr22,MESSIER 066,hst_12968_01_wfc3_uvis_f814w_ic0h01,hst_15654_22_wfc3_uvis_f814w_idxr22,F814W,F814W,exact,2203.5971594500006,1.4000000000000001,-0.019355388510575722,-0.01267603339863399,0.19978646974872846,109.0,0.9793594526068723,118.0,0.9307692307692308,0.015384615384615385,True,501,10,10.0,0.0,26583220.0,26689624.0,hst_12968_01_wfc3_uvis_f814w_ic0h01_drc.fits,hst_15654_22_wfc3_uvis_f814w_idxr22_drc.fits,cached://HST/hst_12968_01_wfc3_uvis_f814w_ic0h01/hst_12968_01_wfc3_uvis_f814w_ic0h01_drc.fits,cached://HST/hst_15654_22_wfc3_uvis_f814w_idxr22/hst_15654_22_wfc3_uvis_f814w_idxr22_drc.fits,/home/primary/SUPERNOVA/data/cache/mast_products/HST/hst_12968_01_wfc3_uvis_f814w_ic0h01/hst_12968_01_wfc3_uvis_f814w_ic0h01_drc.fits,/home/primary/SUPERNOVA/data/cache/mast_products/HST/hst_15654_22_wfc3_uvis_f814w_idxr22/hst_15654_22_wfc3_uvis_f814w_idxr22_drc.fits,156.0,156.0,SCI,SCI,SCANNED,
MESSIER 066::hst_13477_03_wfc3_uvis_f555w_ic8503::hst_15654_22_wfc3_uvis_f555w_idxr22,MESSIER 066,hst_13477_03_wfc3_uvis_f555w_ic8503,hst_15654_22_wfc3_uvis_f555w_idxr22,F555W,F555W,exact,2173.7849484100007,1.4000000000000001,-0.2546693336626049,-0.015020106251085963,0.13740214208677143,249.0,0.96424600434196,185.0,0.9609929078014184,0.0035460992907801418,True,603,51,51.0,0.0,26595970.0,26689610.0,hst_13477_03_wfc3_uvis_f555w_ic8503_drc.fits,hst_15654_22_wfc3_uvis_f555w_idxr22_drc.fits,cached://HST/hst_13477_03_wfc3_uvis_f555w_ic8503/hst_13477_03_wfc3_uvis_f555w_ic8503_drc.fits,cached://HST/hst_15654_22_wfc3_uvis_f555w_idxr22/hst_15654_22_wfc3_uvis_f555w_idxr22_drc.fits,/home/primary/SUPERNOVA/data/cache/mast_products/HST/hst_13477_03_wfc3_uvis_f555w_ic8503/hst_13477_03_wfc3_uvis_f555w_ic8503_drc.fits,/home/primary/SUPERNOVA/data/cache/mast_products/HST/hst_15654_22_wfc3_uvis_f555w_idxr22/hst_15654_22_wfc3_uvis_f555w_idxr22_drc.fits,156.0,156.0,SCI,SCI,SCANNED,
MESSIER 066::hst_13477_03_wfc3_uvis_f814w_ic8503::hst_15654_22_wfc3_uvis_f814w_idxr22,MESSIER 066,hst_13477_03_wfc3_uvis_f814w_ic8503,hst_15654_22_wfc3_uvis_f814w_idxr22,F814W,F814W,exact,2173.6953995300064,1.4000000000000001,-0.2488766331748593,-0.00845261711947387,0.13596759080022405,227.0,0.9668562954116081,187.0,0.9326241134751773,0.010638297872340425,True,590,62,62.0,0.0,26595787.0,26689624.0,hst_13477_03_wfc3_uvis_f814w_ic8503_drc.fits,hst_15654_22_wfc3_uvis_f814w_idxr22_drc.fits,cached://HST/hst_13477_03_wfc3_uvis_f814w_ic8503/hst_13477_03_wfc3_uvis_f814w_ic8503_drc.fits,cached://HST/hst_15654_22_wfc3_uvis_f814w_idxr22/hst_15654_22_wfc3_uvis_f814w_idxr22_drc.fits,/home/primary/SUPERNOVA/data/cache/mast_products/HST/hst_13477_03_wfc3_uvis_f814w_ic8503/hst_13477_03_wfc3_uvis_f814w_ic8503_drc.fits,/home/primary/SUPERNOVA/data/cache/mast_products/HST/hst_15654_22_wfc3_uvis_f814w_idxr22/hst_15654_22_wfc3_uvis_f814w_idxr22_drc.fits,156.0,156.0,SCI,SCI,SCANNED,
6dF J0245599-073443::hst_11575_02_acs_wfc_f814w_jb4u02::hst_14226_01_acs_wfc_f814w_jcuc01,6dF J0245599-073443,hst_11575_02_acs_wfc_f814w_jb4u02,hst_14226_01_acs_wfc_f814w_jcuc01,F814W,F814W,exact,2139.9010605399963,1.4000000000000001,-0.04801599179290861,0.08943966779634138,0.12636699056671807,55.0,0.9717887902353403,77.0,0.927710843373494,0.024096385542168676,False,522,0,0.0,0.0,26415511.0,26473578.0,hst_11575_02_acs_wfc_f814w_jb4u02_drc.fits,hst_14226_01_acs_wfc_f814w_jcuc01_drz.fits,cached://HST/hst_11575_02_acs_wfc_f814w_jb4u02/hst_11575_02_acs_wfc_f814w_jb4u02_drc.fits,cached://HST/hst_14226_01_acs_wfc_f814w_jcuc01/hst_14226_01_acs_wfc_f814w_jcuc01_drz.fits,/home/primary/SUPERNOVA/data/cache/mast_products/HST/hst_11575_02_acs_wfc_f814w_jb4u02/hst_11575_02_acs_wfc_f814w_jb4u02_drc.fits,/home/primary/SUPERNOVA/data/cache/mast_products/HST/hst_14226_01_acs_wfc_f814w_jcuc01/hst_14226_01_acs_wfc_f814w_jcuc01_drz.fits,156.0,156.0,SCI,SCI,SCANNED,
MESSIER 066::hst_13364_12_wfc3_uvis_f555w_icdm12::hst_15654_22_wfc3_uvis_f555w_idxr22,MESSIER 066,hst_13364_12_wfc3_uvis_f555w_icdm12,hst_15654_22_wfc3_uvis_f555w_idxr22,F555W,F555W,exact,2101.9854062500017,1.4000000000000001,-0.37044550060318215,-2.1164184887538795,0.5512279229516222,237.0,0.9885617926358792,202.0,0.8290909090909091,0.05818181818181818,False,544,0,0.0,0.0,26606953.0,26689610.0,hst_13364_12_wfc3_uvis_f555w_icdm12_drc.fits,hst_15654_22_wfc3_uvis_f555w_idxr22_drc.fits,cached://HST/hst_13364_12_wfc3_uvis_f555w_icdm12/hst_13364_12_wfc3_uvis_f555w_icdm12_drc.fits,cached://HST/hst_15654_22_wfc3_uvis_f555w_idxr22/hst_15654_22_wfc3_uvis_f555w_idxr22_drc.fits,/home/primary/SUPERNOVA/data/cache/mast_products/HST/hst_13364_12_wfc3_uvis_f555w_icdm12/hst_13364_12_wfc3_uvis_f555w_icdm12_drc.fits,/home/primary/SUPERNOVA/data/cache/mast_products/HST/hst_15654_22_wfc3_uvis_f555w_idxr22/hst_15654_22_wfc3_uvis_f555w_idxr22_drc.fits,156.0,156.0,SCI,SCI,SCANNED,
