candidate_rank,pair_id,galaxy_name,obs_id_1,obs_id_2,compatibility,baseline_days,pair_score,preflight_reason
1,MESSIER 074::jw02107-c1019_t018_miri_f2100w::jw07978-o001_t002_miri_f2100w,MESSIER 074,jw02107-c1019_t018_miri_f2100w,jw07978-o001_t002_miri_f2100w,exact,1263.8205785550963,1.4000000000000001,RESTRICTED_DATA_RIGHTS:jw07978-o001_t002_miri_f2100w:EXCLUSIVE_ACCESS
2,MESSIER 074::jw02107-c1019_t018_miri_f1130w::jw07978-o001_t002_miri_f1130w,MESSIER 074,jw02107-c1019_t018_miri_f1130w,jw07978-o001_t002_miri_f1130w,exact,1263.8092731148135,1.4000000000000001,RESTRICTED_DATA_RIGHTS:jw07978-o001_t002_miri_f1130w:EXCLUSIVE_ACCESS
3,MESSIER 074::jw02107-c1019_t018_miri_f1000w::jw07978-o001_t002_miri_f1000w,MESSIER 074,jw02107-c1019_t018_miri_f1000w,jw07978-o001_t002_miri_f1000w,exact,1263.8045511625023,1.4000000000000001,RESTRICTED_DATA_RIGHTS:jw07978-o001_t002_miri_f1000w:EXCLUSIVE_ACCESS
4,MESSIER 074::jw02107-c1019_t018_miri_f770w::jw07978-o001_t002_miri_f770w,MESSIER 074,jw02107-c1019_t018_miri_f770w,jw07978-o001_t002_miri_f770w,exact,1263.7968754087997,1.4000000000000001,RESTRICTED_DATA_RIGHTS:jw07978-o001_t002_miri_f770w:EXCLUSIVE_ACCESS
5,MESSIER 074::jw02107-o040_t018_nircam_clear-f300m::jw07978-o002_t002_nircam_clear-f300m,MESSIER 074,jw02107-o040_t018_nircam_clear-f300m,jw07978-o002_t002_nircam_clear-f300m,exact,1263.2560504629655,1.4000000000000001,RESTRICTED_DATA_RIGHTS:jw07978-o002_t002_nircam_clear-f300m:EXCLUSIVE_ACCESS
6,MESSIER 074::jw02107-o040_t018_nircam_clear-f200w::jw07978-o002_t002_nircam_clear-f200w,MESSIER 074,jw02107-o040_t018_nircam_clear-f200w,jw07978-o002_t002_nircam_clear-f200w,exact,1263.241013877312,1.4000000000000001,RESTRICTED_DATA_RIGHTS:jw07978-o002_t002_nircam_clear-f200w:EXCLUSIVE_ACCESS
7,MESSIER 074::jw02107-o040_t018_nircam_clear-f360m::jw07978-o002_t002_nircam_clear-f360m,MESSIER 074,jw02107-o040_t018_nircam_clear-f360m,jw07978-o002_t002_nircam_clear-f360m,exact,1263.241013136576,1.4000000000000001,RESTRICTED_DATA_RIGHTS:jw07978-o002_t002_nircam_clear-f360m:EXCLUSIVE_ACCESS
8,MESSIER 074::jw02107-o040_t018_nircam_clear-f335m::jw07978-o002_t002_nircam_clear-f335m,MESSIER 074,jw02107-o040_t018_nircam_clear-f335m,jw07978-o002_t002_nircam_clear-f335m,exact,1263.2340539120414,1.4000000000000001,RESTRICTED_DATA_RIGHTS:jw07978-o002_t002_nircam_clear-f335m:EXCLUSIVE_ACCESS
9,NGC 1365::jw02107-o021_t003_nircam_clear-f200w::jw09246-o003_t003_nircam_clear-f200w,NGC 1365,jw02107-o021_t003_nircam_clear-f200w,jw09246-o003_t003_nircam_clear-f200w,exact,1208.7926399074058,1.4000000000000001,RESTRICTED_DATA_RIGHTS:jw09246-o003_t003_nircam_clear-f200w:EXCLUSIVE_ACCESS
10,NGC 1365::jw02107-o021_t003_nircam_clear-f300m::jw09246-o003_t003_nircam_clear-f300m,NGC 1365,jw02107-o021_t003_nircam_clear-f300m,jw09246-o003_t003_nircam_clear-f300m,exact,1208.774745891198,1.4000000000000001,RESTRICTED_DATA_RIGHTS:jw09246-o003_t003_nircam_clear-f300m:EXCLUSIVE_ACCESS
11,NGC 1365::jw02107-o021_t003_nircam_clear-f335m::jw09246-o003_t003_nircam_clear-f335m,NGC 1365,jw02107-o021_t003_nircam_clear-f335m,jw09246-o003_t003_nircam_clear-f335m,exact,1208.7351024768504,1.4000000000000001,RESTRICTED_DATA_RIGHTS:jw09246-o003_t003_nircam_clear-f335m:EXCLUSIVE_ACCESS
36,NGC 1792::jw04793-o006_t006_nircam_clear-f200w::jw08277-o007_t005_nircam_clear-f200w,NGC 1792,jw04793-o006_t006_nircam_clear-f200w,jw08277-o007_t005_nircam_clear-f200w,exact,392.553880694446,1.4000000000000001,RESTRICTED_DATA_RIGHTS:jw08277-o007_t005_nircam_clear-f200w:EXCLUSIVE_ACCESS
37,NGC 1792::jw04793-o006_t006_nircam_clear-f277w::jw08277-o007_t005_nircam_clear-f277w,NGC 1792,jw04793-o006_t006_nircam_clear-f277w,jw08277-o007_t005_nircam_clear-f277w,exact,392.52765891204035,1.4000000000000001,RESTRICTED_DATA_RIGHTS:jw08277-o007_t005_nircam_clear-f277w:EXCLUSIVE_ACCESS
44,NGC 1365::jw05398-c1024_t000_nircam_clear-f200w::jw09246-o003_t003_nircam_clear-f200w,NGC 1365,jw05398-c1024_t000_nircam_clear-f200w,jw09246-o003_t003_nircam_clear-f200w,exact,360.7102717592643,1.4000000000000001,RESTRICTED_DATA_RIGHTS:jw09246-o003_t003_nircam_clear-f200w:EXCLUSIVE_ACCESS
45,NGC 1365::jw05398-c1024_t000_nircam_clear-f150w::jw09246-o003_t003_nircam_clear-f150w,NGC 1365,jw05398-c1024_t000_nircam_clear-f150w,jw09246-o003_t003_nircam_clear-f150w,exact,360.66553549769014,1.4000000000000001,RESTRICTED_DATA_RIGHTS:jw09246-o003_t003_nircam_clear-f150w:EXCLUSIVE_ACCESS
46,MESSIER 100::jw02107-o032_t014_nircam_clear-f200w::jw02107-o043_t014_nircam_clear-f200w,MESSIER 100,jw02107-o032_t014_nircam_clear-f200w,jw02107-o043_t014_nircam_clear-f200w,exact,358.06311547453515,1.4000000000000001,"PRODUCT_PRECHECK_FAILED:HTTPSConnectionPool(host='mast.stsci.edu', port=443): Max retries exceeded with url: /api/v0/invoke (Caused by NameResolutionError(""HTTPSConnection(host='mast.s"
47,MESSIER 100::jw02107-o032_t014_nircam_clear-f360m::jw02107-o043_t014_nircam_clear-f360m,MESSIER 100,jw02107-o032_t014_nircam_clear-f360m,jw02107-o043_t014_nircam_clear-f360m,exact,358.06311547453515,1.4000000000000001,"PRODUCT_PRECHECK_FAILED:HTTPSConnectionPool(host='mast.stsci.edu', port=443): Max retries exceeded with url: /api/v0/invoke (Caused by NameResolutionError(""HTTPSConnection(host='mast.s"
48,MESSIER 100::jw02107-o032_t014_nircam_clear-f300m::jw02107-o043_t014_nircam_clear-f300m,MESSIER 100,jw02107-o032_t014_nircam_clear-f300m,jw02107-o043_t014_nircam_clear-f300m,exact,358.0631154629664,1.4000000000000001,"PRODUCT_PRECHECK_FAILED:HTTPSConnectionPool(host='mast.stsci.edu', port=443): Max retries exceeded with url: /api/v0/invoke (Caused by NameResolutionError(""HTTPSConnection(host='mast.s"
49,MESSIER 100::jw02107-o032_t014_nircam_clear-f335m::jw02107-o043_t014_nircam_clear-f335m,MESSIER 100,jw02107-o032_t014_nircam_clear-f335m,jw02107-o043_t014_nircam_clear-f335m,exact,358.0631154629664,1.4000000000000001,"PRODUCT_PRECHECK_FAILED:HTTPSConnectionPool(host='mast.stsci.edu', port=443): Max retries exceeded with url: /api/v0/invoke (Caused by NameResolutionError(""HTTPSConnection(host='mast.s"
50,NGC 7172::jw02064-o015_t008_miri_f1500w-sub256::jw01670-o002_t009_miri_f1500w-sub256,NGC 7172,jw02064-o015_t008_miri_f1500w-sub256,jw01670-o002_t009_miri_f1500w-sub256,exact,354.62846826388704,1.4000000000000001,"PRODUCT_PRECHECK_FAILED:HTTPSConnectionPool(host='mast.stsci.edu', port=443): Max retries exceeded with url: /api/v0/invoke (Caused by NameResolutionError(""HTTPSConnection(host='mast.s"
51,NGC 7172::jw02064-o015_t008_miri_f1000w-sub256::jw01670-o002_t009_miri_f1000w-sub256,NGC 7172,jw02064-o015_t008_miri_f1000w-sub256,jw01670-o002_t009_miri_f1000w-sub256,exact,354.6260030787016,1.4000000000000001,"PRODUCT_PRECHECK_FAILED:HTTPSConnectionPool(host='mast.stsci.edu', port=443): Max retries exceeded with url: /api/v0/invoke (Caused by NameResolutionError(""HTTPSConnection(host='mast.s"
52,NGC 7172::jw02064-o015_t008_miri_f560w-sub256::jw01670-o002_t009_miri_f560w-sub256,NGC 7172,jw02064-o015_t008_miri_f560w-sub256,jw01670-o002_t009_miri_f560w-sub256,exact,354.62349540509604,1.4000000000000001,"PRODUCT_PRECHECK_FAILED:HTTPSConnectionPool(host='mast.stsci.edu', port=443): Max retries exceeded with url: /api/v0/invoke (Caused by NameResolutionError(""HTTPSConnection(host='mast.s"
53,NGC 3521::jw09233-o002_t001_miri_f560w::jw09258-o010_t002_miri_f560w,NGC 3521,jw09233-o002_t001_miri_f560w,jw09258-o010_t002_miri_f560w,exact,345.3736797569436,1.4000000000000001,"PRODUCT_PRECHECK_FAILED:HTTPSConnectionPool(host='mast.stsci.edu', port=443): Max retries exceeded with url: /api/v0/invoke (Caused by NameResolutionError(""HTTPSConnection(host='mast.s"
54,NGC 3521::jw09233-o002_t001_miri_f770w::jw09258-o010_t002_miri_f770w,NGC 3521,jw09233-o002_t001_miri_f770w,jw09258-o010_t002_miri_f770w,exact,345.2238744097267,1.4000000000000001,"PRODUCT_PRECHECK_FAILED:HTTPSConnectionPool(host='mast.stsci.edu', port=443): Max retries exceeded with url: /api/v0/invoke (Caused by NameResolutionError(""HTTPSConnection(host='mast.s"
55,NGC 3521::jw09233-o002_t001_miri_ch1-long::jw09258-o010_t002_miri_ch1-long,NGC 3521,jw09233-o002_t001_miri_ch1-long,jw09258-o010_t002_miri_ch1-long,exact,345.1399599074066,1.4000000000000001,"PRODUCT_PRECHECK_FAILED:HTTPSConnectionPool(host='mast.stsci.edu', port=443): Max retries exceeded with url: /api/v0/invoke (Caused by NameResolutionError(""HTTPSConnection(host='mast.s"
56,NGC 3521::jw09233-o002_t001_miri_ch1-medium::jw09258-o010_t002_miri_ch1-medium,NGC 3521,jw09233-o002_t001_miri_ch1-medium,jw09258-o010_t002_miri_ch1-medium,exact,345.1399599074066,1.4000000000000001,"PRODUCT_PRECHECK_FAILED:HTTPSConnectionPool(host='mast.stsci.edu', port=443): Max retries exceeded with url: /api/v0/invoke (Caused by NameResolutionError(""HTTPSConnection(host='mast.s"
57,NGC 3521::jw09233-o002_t001_miri_ch1-short::jw09258-o010_t002_miri_ch1-short,NGC 3521,jw09233-o002_t001_miri_ch1-short,jw09258-o010_t002_miri_ch1-short,exact,345.1399599074066,1.4000000000000001,"PRODUCT_PRECHECK_FAILED:HTTPSConnectionPool(host='mast.stsci.edu', port=443): Max retries exceeded with url: /api/v0/invoke (Caused by NameResolutionError(""HTTPSConnection(host='mast.s"
58,NGC 1097::jw03707-o003_t003_miri_f770w::jw04972-o001_t001_miri_f770w-sub256,NGC 1097,jw03707-o003_t003_miri_f770w,jw04972-o001_t001_miri_f770w-sub256,exact,335.90559777777526,1.4000000000000001,"PRODUCT_PRECHECK_FAILED:HTTPSConnectionPool(host='mast.stsci.edu', port=443): Max retries exceeded with url: /api/v0/invoke (Caused by NameResolutionError(""HTTPSConnection(host='mast.s"
59,NGC 1097::jw03707-o004_t003_nircam_clear-f150w::jw04793-o001_t001_nircam_clear-f150w,NGC 1097,jw03707-o004_t003_nircam_clear-f150w,jw04793-o001_t001_nircam_clear-f150w,exact,277.2010314699073,1.4000000000000001,"PRODUCT_PRECHECK_FAILED:HTTPSConnectionPool(host='mast.stsci.edu', port=443): Max retries exceeded with url: /api/v0/invoke (Caused by NameResolutionError(""HTTPSConnection(host='mast.s"
60,NGC 1097::jw03707-o004_t003_nircam_clear-f335m::jw04793-o001_t001_nircam_clear-f335m,NGC 1097,jw03707-o004_t003_nircam_clear-f335m,jw04793-o001_t001_nircam_clear-f335m,exact,277.13839907407237,1.4000000000000001,"PRODUCT_PRECHECK_FAILED:HTTPSConnectionPool(host='mast.stsci.edu', port=443): Max retries exceeded with url: /api/v0/invoke (Caused by NameResolutionError(""HTTPSConnection(host='mast.s"
61,NGC 1097::jw03707-o004_t003_nircam_clear-f187n::jw04793-o001_t001_nircam_clear-f187n,NGC 1097,jw03707-o004_t003_nircam_clear-f187n,jw04793-o001_t001_nircam_clear-f187n,exact,277.11143318287213,1.4000000000000001,"PRODUCT_PRECHECK_FAILED:HTTPSConnectionPool(host='mast.stsci.edu', port=443): Max retries exceeded with url: /api/v0/invoke (Caused by NameResolutionError(""HTTPSConnection(host='mast.s"
62,NGC 5728::jw02064-o013_t007_miri_f560w-sub256::jw01670-o010_t010_miri_f560w-sub256,NGC 5728,jw02064-o013_t007_miri_f560w-sub256,jw01670-o010_t010_miri_f560w-sub256,exact,257.19187990740465,1.4000000000000001,"PRODUCT_PRECHECK_FAILED:HTTPSConnectionPool(host='mast.stsci.edu', port=443): Max retries exceeded with url: /api/v0/invoke (Caused by NameResolutionError(""HTTPSConnection(host='mast.s"
63,NGC 5728::jw02064-o013_t007_miri_f1000w-sub256::jw01670-o010_t010_miri_f1000w-sub256,NGC 5728,jw02064-o013_t007_miri_f1000w-sub256,jw01670-o010_t010_miri_f1000w-sub256,exact,257.17016807870095,1.4000000000000001,"PRODUCT_PRECHECK_FAILED:HTTPSConnectionPool(host='mast.stsci.edu', port=443): Max retries exceeded with url: /api/v0/invoke (Caused by NameResolutionError(""HTTPSConnection(host='mast.s"
64,NGC 5728::jw02064-o013_t007_miri_f1500w-sub256::jw01670-o010_t010_miri_f1500w-sub256,NGC 5728,jw02064-o013_t007_miri_f1500w-sub256,jw01670-o010_t010_miri_f1500w-sub256,exact,257.14897624999867,1.4000000000000001,"PRODUCT_PRECHECK_FAILED:HTTPSConnectionPool(host='mast.stsci.edu', port=443): Max retries exceeded with url: /api/v0/invoke (Caused by NameResolutionError(""HTTPSConnection(host='mast.s"
65,NGC 5728::jw02064-o014_t015_miri_f560w-sub256::jw01670-o010_t010_miri_f560w-sub256,NGC 5728,jw02064-o014_t015_miri_f560w-sub256,jw01670-o010_t010_miri_f560w-sub256,exact,257.1410821759273,1.4000000000000001,"PRODUCT_PRECHECK_FAILED:HTTPSConnectionPool(host='mast.stsci.edu', port=443): Max retries exceeded with url: /api/v0/invoke (Caused by NameResolutionError(""HTTPSConnection(host='mast.s"
66,NGC 5728::jw02064-o014_t015_miri_f1000w-sub256::jw01670-o010_t010_miri_f1000w-sub256,NGC 5728,jw02064-o014_t015_miri_f1000w-sub256,jw01670-o010_t010_miri_f1000w-sub256,exact,257.12331849536713,1.4000000000000001,"PRODUCT_PRECHECK_FAILED:HTTPSConnectionPool(host='mast.stsci.edu', port=443): Max retries exceeded with url: /api/v0/invoke (Caused by NameResolutionError(""HTTPSConnection(host='mast.s"
67,NGC 5728::jw02064-o014_t015_miri_f1500w-sub256::jw01670-o010_t010_miri_f1500w-sub256,NGC 5728,jw02064-o014_t015_miri_f1500w-sub256,jw01670-o010_t010_miri_f1500w-sub256,exact,257.10609628471866,1.4000000000000001,"PRODUCT_PRECHECK_FAILED:HTTPSConnectionPool(host='mast.stsci.edu', port=443): Max retries exceeded with url: /api/v0/invoke (Caused by NameResolutionError(""HTTPSConnection(host='mast.s"
68,NGC 5728::jw02064-o013_t007_miri_f560w-sub256::jw01670-o004_t003_miri_f560w-sub256,NGC 5728,jw02064-o013_t007_miri_f560w-sub256,jw01670-o004_t003_miri_f560w-sub256,exact,256.92748752314947,1.4000000000000001,"PRODUCT_PRECHECK_FAILED:HTTPSConnectionPool(host='mast.stsci.edu', port=443): Max retries exceeded with url: /api/v0/invoke (Caused by NameResolutionError(""HTTPSConnection(host='mast.s"
69,NGC 5728::jw02064-o013_t007_miri_f1000w-sub256::jw01670-o004_t003_miri_f1000w-sub256,NGC 5728,jw02064-o013_t007_miri_f1000w-sub256,jw01670-o004_t003_miri_f1000w-sub256,exact,256.9181482754648,1.4000000000000001,"PRODUCT_PRECHECK_FAILED:HTTPSConnectionPool(host='mast.stsci.edu', port=443): Max retries exceeded with url: /api/v0/invoke (Caused by NameResolutionError(""HTTPSConnection(host='mast.s"
70,NGC 1792::jw03707-o020_t011_nircam_clear-f150w::jw04793-o006_t006_nircam_clear-f150w,NGC 1792,jw03707-o020_t011_nircam_clear-f150w,jw04793-o006_t006_nircam_clear-f150w,exact,255.79454315971816,1.4000000000000001,"PRODUCT_PRECHECK_FAILED:HTTPSConnectionPool(host='mast.stsci.edu', port=443): Max retries exceeded with url: /api/v0/invoke (Caused by NameResolutionError(""HTTPSConnection(host='mast.s"
71,NGC 1792::jw03707-o020_t011_nircam_clear-f335m::jw04793-o006_t006_nircam_clear-f335m,NGC 1792,jw03707-o020_t011_nircam_clear-f335m,jw04793-o006_t006_nircam_clear-f335m,exact,255.7315381712906,1.4000000000000001,"PRODUCT_PRECHECK_FAILED:HTTPSConnectionPool(host='mast.stsci.edu', port=443): Max retries exceeded with url: /api/v0/invoke (Caused by NameResolutionError(""HTTPSConnection(host='mast.s"
72,NGC 1792::jw03707-o020_t011_nircam_clear-f187n::jw04793-o006_t006_nircam_clear-f187n,NGC 1792,jw03707-o020_t011_nircam_clear-f187n,jw04793-o006_t006_nircam_clear-f187n,exact,255.70432339120453,1.4000000000000001,"PRODUCT_PRECHECK_FAILED:HTTPSConnectionPool(host='mast.stsci.edu', port=443): Max retries exceeded with url: /api/v0/invoke (Caused by NameResolutionError(""HTTPSConnection(host='mast.s"
73,NGC 7172::jw02064-o065_t008_miri_f1500w-sub256::jw01670-o002_t009_miri_f1500w-sub256,NGC 7172,jw02064-o065_t008_miri_f1500w-sub256,jw01670-o002_t009_miri_f1500w-sub256,exact,227.42959622685157,1.4000000000000001,"PRODUCT_PRECHECK_FAILED:HTTPSConnectionPool(host='mast.stsci.edu', port=443): Max retries exceeded with url: /api/v0/invoke (Caused by NameResolutionError(""HTTPSConnection(host='mast.s"
74,NGC 7172::jw02064-o065_t008_miri_f1000w-sub256::jw01670-o002_t009_miri_f1000w-sub256,NGC 7172,jw02064-o065_t008_miri_f1000w-sub256,jw01670-o002_t009_miri_f1000w-sub256,exact,227.42721401620656,1.4000000000000001,"PRODUCT_PRECHECK_FAILED:HTTPSConnectionPool(host='mast.stsci.edu', port=443): Max retries exceeded with url: /api/v0/invoke (Caused by NameResolutionError(""HTTPSConnection(host='mast.s"
75,NGC 7172::jw02064-o065_t008_miri_f560w-sub256::jw01670-o002_t009_miri_f560w-sub256,NGC 7172,jw02064-o065_t008_miri_f560w-sub256,jw01670-o002_t009_miri_f560w-sub256,exact,227.42446782407933,1.4000000000000001,"PRODUCT_PRECHECK_FAILED:HTTPSConnectionPool(host='mast.stsci.edu', port=443): Max retries exceeded with url: /api/v0/invoke (Caused by NameResolutionError(""HTTPSConnection(host='mast.s"
76,NGC 7172::jw02064-o015_t008_miri_f560w-sub256::jw02064-o065_t008_miri_f560w-sub256,NGC 7172,jw02064-o015_t008_miri_f560w-sub256,jw02064-o065_t008_miri_f560w-sub256,exact,127.19902758101671,1.4000000000000001,"PRODUCT_PRECHECK_FAILED:HTTPSConnectionPool(host='mast.stsci.edu', port=443): Max retries exceeded with url: /api/v0/invoke (Caused by NameResolutionError(""HTTPSConnection(host='mast.s"
77,NGC 7172::jw02064-o015_t008_miri_f1500w-sub256::jw02064-o065_t008_miri_f1500w-sub256,NGC 7172,jw02064-o015_t008_miri_f1500w-sub256,jw02064-o065_t008_miri_f1500w-sub256,exact,127.19887203703547,1.4000000000000001,"PRODUCT_PRECHECK_FAILED:HTTPSConnectionPool(host='mast.stsci.edu', port=443): Max retries exceeded with url: /api/v0/invoke (Caused by NameResolutionError(""HTTPSConnection(host='mast.s"
78,NGC 3079::jw05627-o018_t006_miri_f1800w-sub128::jw05627-o017_t026_miri_f1800w,NGC 3079,jw05627-o018_t006_miri_f1800w-sub128,jw05627-o017_t026_miri_f1800w,exact,77.1900121759245,1.3839726921138777,"PRODUCT_PRECHECK_FAILED:HTTPSConnectionPool(host='mast.stsci.edu', port=443): Max retries exceeded with url: /api/v0/invoke (Caused by NameResolutionError(""HTTPSConnection(host='mast.s"
79,NGC 3079::jw05627-o018_t006_miri_f1500w-sub128::jw05627-o017_t026_miri_f1500w,NGC 3079,jw05627-o018_t006_miri_f1500w-sub128,jw05627-o017_t026_miri_f1500w,exact,77.18373207176046,1.3839674596218143,"PRODUCT_PRECHECK_FAILED:HTTPSConnectionPool(host='mast.stsci.edu', port=443): Max retries exceeded with url: /api/v0/invoke (Caused by NameResolutionError(""HTTPSConnection(host='mast.s"
80,NGC 3079::jw05627-o018_t006_miri_f1130w-sub128::jw05627-o017_t026_miri_f1130w,NGC 3079,jw05627-o018_t006_miri_f1130w-sub128,jw05627-o017_t026_miri_f1130w,exact,77.18008158564771,1.383964417896357,"PRODUCT_PRECHECK_FAILED:HTTPSConnectionPool(host='mast.stsci.edu', port=443): Max retries exceeded with url: /api/v0/invoke (Caused by NameResolutionError(""HTTPSConnection(host='mast.s"
81,NGC 3079::jw05627-o018_t006_miri_f770w-sub128::jw05627-o017_t026_miri_f770w,NGC 3079,jw05627-o018_t006_miri_f770w-sub128,jw05627-o017_t026_miri_f770w,exact,77.17585782406968,1.3839608983184883,"PRODUCT_PRECHECK_FAILED:HTTPSConnectionPool(host='mast.stsci.edu', port=443): Max retries exceeded with url: /api/v0/invoke (Caused by NameResolutionError(""HTTPSConnection(host='mast.s"
82,NGC 3079::jw05627-o018_t006_miri_f560w-sub128::jw05627-o017_t026_miri_f560w,NGC 3079,jw05627-o018_t006_miri_f560w-sub128,jw05627-o017_t026_miri_f560w,exact,77.16688748842716,1.3839534228825154,"PRODUCT_PRECHECK_FAILED:HTTPSConnectionPool(host='mast.stsci.edu', port=443): Max retries exceeded with url: /api/v0/invoke (Caused by NameResolutionError(""HTTPSConnection(host='mast.s"
83,NGC 1365::jw02107-o021_t003_nircam_clear-f360m::jw01995-o006_t006_nircam_clear-f356w,NGC 1365,jw02107-o021_t003_nircam_clear-f360m,jw01995-o006_t006_nircam_clear-f356w,very_similar,380.6726344675917,1.25,"PRODUCT_PRECHECK_FAILED:HTTPSConnectionPool(host='mast.stsci.edu', port=443): Max retries exceeded with url: /api/v0/invoke (Caused by NameResolutionError(""HTTPSConnection(host='mast.s"
84,MESSIER 083::hst_9299_08_acs_wfc_f475w-pol0v_j8e808::hst_17747_25_acs_wfc_f475w_jfgf25,MESSIER 083,hst_9299_08_acs_wfc_f475w-pol0v_j8e808,hst_17747_25_acs_wfc_f475w_jfgf25,exact,8564.847515770001,1.4000000000000001,RESTRICTED_DATA_RIGHTS:hst_17747_25_acs_wfc_f475w_jfgf25:EXCLUSIVE_ACCESS
85,MESSIER 083::hst_9774_0h_acs_wfc_f814w_j8ph0h::hst_17747_26_acs_wfc_f814w_jfgf26,MESSIER 083,hst_9774_0h_acs_wfc_f814w_j8ph0h,hst_17747_26_acs_wfc_f814w_jfgf26,exact,7850.81778171,1.4000000000000001,RESTRICTED_DATA_RIGHTS:hst_17747_26_acs_wfc_f814w_jfgf26:EXCLUSIVE_ACCESS
86,NGC 1309::hst_10497_03_acs_wfc_f555w_j9cb03::hst_17907_03_acs_wfc_f555w_jfjg03,NGC 1309,hst_10497_03_acs_wfc_f555w_j9cb03,hst_17907_03_acs_wfc_f555w_jfjg03,exact,7370.95530645,1.4000000000000001,RESTRICTED_DATA_RIGHTS:hst_17907_03_acs_wfc_f555w_jfjg03:EXCLUSIVE_ACCESS
87,NGC 1309::hst_10497_03_acs_wfc_f555w_j9cb03::hst_17907_04_acs_wfc_f555w_jfjg04,NGC 1309,hst_10497_03_acs_wfc_f555w_j9cb03,hst_17907_04_acs_wfc_f555w_jfjg04,exact,7369.189056449999,1.4000000000000001,RESTRICTED_DATA_RIGHTS:hst_17907_04_acs_wfc_f555w_jfjg04:EXCLUSIVE_ACCESS
88,NGC 1309::hst_10497_06_acs_wfc_f555w_j9cb06::hst_17907_03_acs_wfc_f555w_jfjg03,NGC 1309,hst_10497_06_acs_wfc_f555w_j9cb06,hst_17907_03_acs_wfc_f555w_jfjg03,exact,7360.8287557099975,1.4000000000000001,RESTRICTED_DATA_RIGHTS:hst_17907_03_acs_wfc_f555w_jfjg03:EXCLUSIVE_ACCESS
89,NGC 1309::hst_10497_07_acs_wfc_f555w_j9cb07::hst_17907_03_acs_wfc_f555w_jfjg03,NGC 1309,hst_10497_07_acs_wfc_f555w_j9cb07,hst_17907_03_acs_wfc_f555w_jfjg03,exact,7359.229959409997,1.4000000000000001,RESTRICTED_DATA_RIGHTS:hst_17907_03_acs_wfc_f555w_jfjg03:EXCLUSIVE_ACCESS
90,NGC 1309::hst_10497_06_acs_wfc_f555w_j9cb06::hst_17907_04_acs_wfc_f555w_jfjg04,NGC 1309,hst_10497_06_acs_wfc_f555w_j9cb06,hst_17907_04_acs_wfc_f555w_jfjg04,exact,7359.062505709997,1.4000000000000001,RESTRICTED_DATA_RIGHTS:hst_17907_04_acs_wfc_f555w_jfjg04:EXCLUSIVE_ACCESS
91,NGC 1309::hst_10497_07_acs_wfc_f555w_j9cb07::hst_17907_04_acs_wfc_f555w_jfjg04,NGC 1309,hst_10497_07_acs_wfc_f555w_j9cb07,hst_17907_04_acs_wfc_f555w_jfjg04,exact,7357.463709409996,1.4000000000000001,RESTRICTED_DATA_RIGHTS:hst_17907_04_acs_wfc_f555w_jfjg04:EXCLUSIVE_ACCESS
92,NGC 1309::hst_10497_09_acs_wfc_f555w_j9cb09::hst_17907_03_acs_wfc_f555w_jfjg03,NGC 1309,hst_10497_09_acs_wfc_f555w_j9cb09,hst_17907_03_acs_wfc_f555w_jfjg03,exact,7353.818280449996,1.4000000000000001,RESTRICTED_DATA_RIGHTS:hst_17907_03_acs_wfc_f555w_jfjg03:EXCLUSIVE_ACCESS
93,NGC 1309::hst_10497_09_acs_wfc_f555w_j9cb09::hst_17907_04_acs_wfc_f555w_jfjg04,NGC 1309,hst_10497_09_acs_wfc_f555w_j9cb09,hst_17907_04_acs_wfc_f555w_jfjg04,exact,7352.052030449995,1.4000000000000001,RESTRICTED_DATA_RIGHTS:hst_17907_04_acs_wfc_f555w_jfjg04:EXCLUSIVE_ACCESS
95,MESSIER 083::hst_12513_02_acs_wfc_f814w_jbqc02::hst_17747_26_acs_wfc_f814w_jfgf26,MESSIER 083,hst_12513_02_acs_wfc_f814w_jbqc02,hst_17747_26_acs_wfc_f814w_jfgf26,exact,4908.842921819996,1.4000000000000001,RESTRICTED_DATA_RIGHTS:hst_17747_26_acs_wfc_f814w_jfgf26:EXCLUSIVE_ACCESS
96,MESSIER 083::hst_12513_08_acs_wfc_f814w_jbqc08::hst_17747_26_acs_wfc_f814w_jfgf26,MESSIER 083,hst_12513_08_acs_wfc_f814w_jbqc08,hst_17747_26_acs_wfc_f814w_jfgf26,exact,4900.864923729998,1.4000000000000001,RESTRICTED_DATA_RIGHTS:hst_17747_26_acs_wfc_f814w_jfgf26:EXCLUSIVE_ACCESS
102,MESSIER 100::hst_11646_01_wfc3_uvis_f555w_ib2q01::hst_15654_44_wfc3_uvis_f555w_idxr44,MESSIER 100,hst_11646_01_wfc3_uvis_f555w_ib2q01,hst_15654_44_wfc3_uvis_f555w_idxr44,exact,3730.7718598400024,1.4000000000000001,"PRODUCT_PRECHECK_FAILED:HTTPSConnectionPool(host='mast.stsci.edu', port=443): Max retries exceeded with url: /api/v0/invoke (Caused by NameResolutionError(""HTTPSConnection(host='mast.s"
104,NGC 4414::hst_12888_01_wfc3_uvis_f555w_ibzv01::hst_17191_28_wfc3_uvis_f555w_iex628,NGC 4414,hst_12888_01_wfc3_uvis_f555w_ibzv01,hst_17191_28_wfc3_uvis_f555w_iex628,exact,3588.236930469997,1.4000000000000001,"PRODUCT_PRECHECK_FAILED:HTTPSConnectionPool(host='mast.stsci.edu', port=443): Max retries exceeded with url: /api/v0/invoke (Caused by NameResolutionError(""HTTPSConnection(host='mast.s"
109,NGC 4414::hst_12888_01_wfc3_uvis_f555w_ibzv01::hst_17191_01_wfc3_uvis_f555w_iex601,NGC 4414,hst_12888_01_wfc3_uvis_f555w_ibzv01,hst_17191_01_wfc3_uvis_f555w_iex601,exact,3398.489979509999,1.4000000000000001,"PRODUCT_PRECHECK_FAILED:HTTPSConnectionPool(host='mast.stsci.edu', port=443): Max retries exceeded with url: /api/v0/invoke (Caused by NameResolutionError(""HTTPSConnection(host='mast.s"
114,NGC 1448::hst_12880_16_wfc3_ir_f160w_ic1316::hst_16885_04_wfc3_ir_f160w_iesl04,NGC 1448,hst_12880_16_wfc3_ir_f160w_ic1316,hst_16885_04_wfc3_ir_f160w_iesl04,exact,3273.8228347600016,1.4000000000000001,"PRODUCT_PRECHECK_FAILED:HTTPSConnectionPool(host='mast.stsci.edu', port=443): Max retries exceeded with url: /api/v0/invoke (Caused by NameResolutionError(""HTTPSConnection(host='mast.s"
115,NGC 1448::hst_12880_20_wfc3_ir_f160w_ic1320::hst_16885_04_wfc3_ir_f160w_iesl04,NGC 1448,hst_12880_20_wfc3_ir_f160w_ic1320,hst_16885_04_wfc3_ir_f160w_iesl04,exact,3247.3012137800033,1.4000000000000001,"PRODUCT_PRECHECK_FAILED:HTTPSConnectionPool(host='mast.stsci.edu', port=443): Max retries exceeded with url: /api/v0/invoke (Caused by NameResolutionError(""HTTPSConnection(host='mast.s"
116,NGC 1448::hst_12880_23_wfc3_ir_f160w_ic1323::hst_16885_04_wfc3_ir_f160w_iesl04,NGC 1448,hst_12880_23_wfc3_ir_f160w_ic1323,hst_16885_04_wfc3_ir_f160w_iesl04,exact,3228.1805656300057,1.4000000000000001,"PRODUCT_PRECHECK_FAILED:HTTPSConnectionPool(host='mast.stsci.edu', port=443): Max retries exceeded with url: /api/v0/invoke (Caused by NameResolutionError(""HTTPSConnection(host='mast.s"
120,MESSIER 083::hst_9774_0f_acs_wfc_f435w_j8ph0f::hst_12513_08_acs_wfc_f435w_jbqc08,MESSIER 083,hst_9774_0f_acs_wfc_f435w_j8ph0f,hst_12513_08_acs_wfc_f435w_jbqc08,exact,2959.2781357600034,1.4000000000000001,"PRODUCT_PRECHECK_FAILED:HTTPSConnectionPool(host='mast.stsci.edu', port=443): Max retries exceeded with url: /api/v0/invoke (Caused by NameResolutionError(""HTTPSConnection(host='mast.s"
121,MESSIER 083::hst_9774_0h_acs_wfc_f814w_j8ph0h::hst_12513_08_acs_wfc_f814w_jbqc08,MESSIER 083,hst_9774_0h_acs_wfc_f814w_j8ph0h,hst_12513_08_acs_wfc_f814w_jbqc08,exact,2949.9528579800026,1.4000000000000001,"PRODUCT_PRECHECK_FAILED:HTTPSConnectionPool(host='mast.stsci.edu', port=443): Max retries exceeded with url: /api/v0/invoke (Caused by NameResolutionError(""HTTPSConnection(host='mast.s"
122,MESSIER 083::hst_9774_0h_acs_wfc_f435w_j8ph0h::hst_12513_08_acs_wfc_f435w_jbqc08,MESSIER 083,hst_9774_0h_acs_wfc_f435w_j8ph0h,hst_12513_08_acs_wfc_f435w_jbqc08,exact,2949.893195180004,1.4000000000000001,"PRODUCT_PRECHECK_FAILED:HTTPSConnectionPool(host='mast.stsci.edu', port=443): Max retries exceeded with url: /api/v0/invoke (Caused by NameResolutionError(""HTTPSConnection(host='mast.s"
123,MESSIER 083::hst_9774_0h_acs_wfc_f814w_j8ph0h::hst_12513_02_acs_wfc_f814w_jbqc02,MESSIER 083,hst_9774_0h_acs_wfc_f814w_j8ph0h,hst_12513_02_acs_wfc_f814w_jbqc02,exact,2941.974859890004,1.4000000000000001,"PRODUCT_PRECHECK_FAILED:HTTPSConnectionPool(host='mast.stsci.edu', port=443): Max retries exceeded with url: /api/v0/invoke (Caused by NameResolutionError(""HTTPSConnection(host='mast.s"
124,NGC 1448::hst_12880_14_wfc3_uvis_f814w_ic1314::hst_16239_08_wfc3_uvis_f814w_ieec08,NGC 1448,hst_12880_14_wfc3_uvis_f814w_ic1314,hst_16239_08_wfc3_uvis_f814w_ieec08,exact,2905.691699969997,1.4000000000000001,"PRODUCT_PRECHECK_FAILED:HTTPSConnectionPool(host='mast.stsci.edu', port=443): Max retries exceeded with url: /api/v0/invoke (Caused by NameResolutionError(""HTTPSConnection(host='mast.s"
125,NGC 1448::hst_12880_18_wfc3_uvis_f814w_ic1318::hst_16239_08_wfc3_uvis_f814w_ieec08,NGC 1448,hst_12880_18_wfc3_uvis_f814w_ic1318,hst_16239_08_wfc3_uvis_f814w_ieec08,exact,2877.579581179998,1.4000000000000001,"PRODUCT_PRECHECK_FAILED:HTTPSConnectionPool(host='mast.stsci.edu', port=443): Max retries exceeded with url: /api/v0/invoke (Caused by NameResolutionError(""HTTPSConnection(host='mast.s"
129,MESSIER 100::hst_skycell-p1722x05y02_acs_wfc_f814w_all::hst_15645_16_acs_wfc_f814w_jdxk16,MESSIER 100,hst_skycell-p1722x05y02_acs_wfc_f814w_all,hst_15645_16_acs_wfc_f814w_jdxk16,exact,2372.8578803499986,1.4000000000000001,"PRODUCT_PRECHECK_FAILED:HTTPSConnectionPool(host='mast.stsci.edu', port=443): Max retries exceeded with url: /api/v0/invoke (Caused by NameResolutionError(""HTTPSConnection(host='mast.s"
