candidate_id,pair_id,galaxy_name,ra_deg,dec_deg,status,priority_score,fade_sigma,fade_fraction,S_raw,S_min_LOO,S_robust,d_max,depth_margin_post,crowding_index,blend_risk,host_bg_penalty,astrometric_residual,cross_reduction_agreement,pre_obsid,post_obsid,pre_obs_id,post_obs_id,pre_filter,post_filter,pre_mjd,post_mjd,cutout_path,reason_codes_json,warning_flags_json,provenance_json,extended_rank_score,extension_verdict,population_prior_score,anomaly_score,mid_ir_match_status,match_sep_arcsec,mid_ir_survivor_flag,dusty_color_flag,w1_w2,local_unique_sigma,local_systematic_risk,local_coherent_trend,local_neighbor_count,local_verdict,scene_mode,n_scene_epochs,scene_fade_fraction,scene_fade_sigma,scene_unique_fade_sigma,scene_local_comparators,scene_monotonic_score,scene_residual_center,scene_residual_std,followup_created_utc,followup_lightcurve_path,followup_sed_plot_path,followup_summary_path,followup_photometry_path,followup_n_observations_considered,followup_n_measurements,followup_n_stage_points,followup_pre_fit_ok,followup_post_fit_ok,followup_pre_fit_points,followup_post_fit_points,followup_exists,followup_measured_epochs,followup_measured_filters,followup_common_filters,followup_median_filter_ratio,followup_min_filter_ratio,followup_max_filter_ratio,followup_persistent_fade_fraction,followup_rebrightening_flag,reason_codes,warning_flags,has_post_lt_5pct,has_robust_fade_sig,has_blend_warning,has_crowded_warning,has_edge_warning,baseline_days,scene_residual_snr,local_unique_effective,local_systematic_effective,fade_frac_score,fade_sigma_score,scene_fade_frac_score,scene_fade_sigma_score,baseline_score,agreement_score,local_unique_score,local_systematic_penalty,scene_comparator_support,monotonic_support,followup_measurement_score,followup_stage_score,followup_common_filter_score,followup_persistent_fade_score,crowding_penalty,host_bg_penalty_norm,astrometric_penalty,agreement_penalty,blend_penalty,scene_residual_penalty,warning_penalty,survivor_evidence_score,fade_evidence_score,uniqueness_evidence_score,followup_support_score,systematic_penalty_score,closure_data_completeness,export_failure_score,dust_survivor_score,systematic_like_score,unresolved_score,closure_reason_codes_json,closure_class,closure_confidence,closure_rank
MESSIER_077_hst_15151_04_wfc3_uvis_f555w_idm104_hst_17502_01_wfc3_uvis_f555w_ifab01_0138,MESSIER 077::hst_15151_04_wfc3_uvis_f555w_idm104::hst_17502_01_wfc3_uvis_f555w_ifab01,MESSIER 077,40.6696133957578,-0.013289956116985947,REVIEW,2.3741632583914427,15.168535715784321,0.5657062711776479,15.168535715784321,9.331290106160777,9.331290106160777,8.60268149096431,6.764354103913916,8.0,0.7692387690662931,0.009507113277339973,0.21264967253808698,0.7225309626583551,26676050,229880268,hst_15151_04_wfc3_uvis_f555w_idm104,hst_17502_01_wfc3_uvis_f555w_ifab01,F555W,F555W,58665.13426913,60569.74561033,/home/primary/SUPERNOVA/candidate_packets/MESSIER_077_hst_15151_04_wfc3_uvis_f555w_idm104_hst_17502_01_wfc3_uvis_f555w_ifab01_0138/MESSIER_077_hst_15151_04_wfc3_uvis_f555w_idm104_hst_17502_01_wfc3_uvis_f555w_ifab01_0138_cutout.png,"[""POST_DEPTH_OK"", ""ROBUST_FADE_SIG""]","[""BLEND_RISK"", ""CROWDED""]","{""baseline_days"": 1904.6113411999977, ""compatibility"": ""exact"", ""edge_distance_px"": 56.92099788303083, ""n_scale_sources"": 212, ""pair_score"": 1.4000000000000001, ""product_info"": {""image_ext_1"": ""SCI"", ""image_ext_2"": ""SCI"", ""obs_id_1"": ""hst_15151_04_wfc3_uvis_f555w_idm104"", ""obs_id_2"": ""hst_17502_01_wfc3_uvis_f555w_ifab01"", ""obsid_1"": 26676050, ""obsid_2"": 229880268, ""product_filename_1"": ""hst_15151_04_wfc3_uvis_f555w_idm104_drc.fits"", ""product_filename_2"": ""hst_17502_01_wfc3_uvis_f555w_ifab01_drc.fits"", ""product_path_1"": ""/home/primary/SUPERNOVA/data/cache/mast_products/HST/hst_15151_04_wfc3_uvis_f555w_idm104/hst_15151_04_wfc3_uvis_f555w_idm104_drc.fits"", ""product_path_2"": ""/home/primary/SUPERNOVA/data/cache/mast_products/HST/hst_17502_01_wfc3_uvis_f555w_ifab01/hst_17502_01_wfc3_uvis_f555w_ifab01_drc.fits"", ""product_priority_1"": 181.0, ""product_priority_2"": 181.0, ""product_uri_1"": ""mast:HST/product/hst_15151_04_wfc3_uvis_f555w_idm104_drc.fits"", ""product_uri_2"": ""mast:HST/product/hst_17502_01_wfc3_uvis_f555w_ifab01_drc.fits""}, ""scale_factor_post_to_pre"": 0.972945659088928}",0.2664406435463361,MID_IR_SURVIVOR,0.5431023944565462,0.2759200751013478,MATCHED,0.0498038970626059,True,True,1.125,4.014352992277571,0.1994275236585986,0.0213644754795253,7,UNIQUE,pair_proxy,2,0.3954911180817441,14.931486518063004,4.014352992277571,7,,264.9764166174522,1.5631087832747976,,,,,,,,,,,,,False,,,,,,,,False,"['POST_DEPTH_OK', 'ROBUST_FADE_SIG']","['BLEND_RISK', 'CROWDED']",False,True,True,True,False,1904.6113411999977,169.51885847785476,4.014352992277571,0.1994275236585986,0.1730684194219112,0.3085982298843948,0.0,0.45999035262478943,0.738322743749956,0.7225309626583551,0.04042088477361911,0.1994275236585986,0.8235294117647073,0.3,0.0,0.0,0.0,0.0,0.8,0.0959828279692364,0.09720672036175163,0.27746903734164485,0.7692387690662931,0.9624194485744946,0.6,1.0,0.33511876783881017,0.4118905528152551,0.0,0.5849648496699438,0.5623704311029327,0.0,0.85,0.5825992654032129,0.7342854603997782,"[""HIGH_SIGNIFICANCE_FADE"", ""LONG_BASELINE"", ""LOCALLY_UNIQUE"", ""MID_IR_SURVIVOR"", ""DUSTY_COLOR"", ""BLEND_RISK"", ""CROWDED_FIELD"", ""CROSS_REDUCTION_TENSION"", ""NO_ALL_EPOCH_FOLLOWUP""]",DUST_SURVIVOR_LIKE,MEDIUM,1
NGC_5861_hst_15145_78_wfc3_ir_f160w_idgg78_hst_16250_14_wfc3_ir_f160w_iebs14_0025,NGC 5861::hst_15145_78_wfc3_ir_f160w_idgg78::hst_16250_14_wfc3_ir_f160w_iebs14,NGC 5861,227.31169933464997,-11.334173319587665,PASS,71.27324670156737,82.80852123904357,0.9706283873881342,82.80852123904357,37.99163472087082,37.99163472087082,44.81688651817275,23.973985454544344,0.0,0.0,0.002251063658371125,0.6071488491148266,0.9676007575385347,26692278,71739676,hst_15145_78_wfc3_ir_f160w_idgg78,hst_16250_14_wfc3_ir_f160w_iebs14,F160W,F160W,58181.56912263,59638.19392855,/home/primary/SUPERNOVA/candidate_packets/NGC_5861_hst_15145_78_wfc3_ir_f160w_idgg78_hst_16250_14_wfc3_ir_f160w_iebs14_0025/NGC_5861_hst_15145_78_wfc3_ir_f160w_idgg78_hst_16250_14_wfc3_ir_f160w_iebs14_0025_cutout.png,"[""POST_DEPTH_OK"", ""POST_LT_5PCT"", ""ROBUST_FADE_SIG""]",[],"{""baseline_days"": 1456.6248059200007, ""compatibility"": ""exact"", ""edge_distance_px"": 154.69324484281788, ""n_scale_sources"": 77, ""pair_score"": 1.4000000000000001, ""product_info"": {""image_ext_1"": ""SCI"", ""image_ext_2"": ""SCI"", ""obs_id_1"": ""hst_15145_78_wfc3_ir_f160w_idgg78"", ""obs_id_2"": ""hst_16250_14_wfc3_ir_f160w_iebs14"", ""obsid_1"": 26692278, ""obsid_2"": 71739676, ""product_filename_1"": ""hst_15145_78_wfc3_ir_f160w_idgg78_drz.fits"", ""product_filename_2"": ""hst_16250_14_wfc3_ir_f160w_iebs14_drz.fits"", ""product_path_1"": ""/home/primary/SUPERNOVA/data/cache/mast_products/HST/hst_15145_78_wfc3_ir_f160w_idgg78/hst_15145_78_wfc3_ir_f160w_idgg78_drz.fits"", ""product_path_2"": ""/home/primary/SUPERNOVA/data/cache/mast_products/HST/hst_16250_14_wfc3_ir_f160w_iebs14/hst_16250_14_wfc3_ir_f160w_iebs14_drz.fits"", ""product_priority_1"": 181.0, ""product_priority_2"": 181.0, ""product_uri_1"": ""mast:HST/product/hst_15145_78_wfc3_ir_f160w_idgg78_drz.fits"", ""product_uri_2"": ""mast:HST/product/hst_16250_14_wfc3_ir_f160w_iebs14_drz.fits""}, ""scale_factor_post_to_pre"": 0.9577830508251768}",0.5149344524160654,KEEP,0.2351134435720516,0.161096492780288,NO_MATCH,,False,False,,,,0.0,0,WEAK,all_epoch,56,1.0049440561183205,53.36207850314756,,0,0.961764705882353,17.22750894204831,4.056075975249611,20260310_075405UTC,/home/primary/SUPERNOVA/sed/NGC_5861_hst_15145_78_wfc3_ir_f160w_idgg78_hst_16250_14_wfc3_ir_f160w_iebs14_0025/lightcurve.png,/home/primary/SUPERNOVA/sed/NGC_5861_hst_15145_78_wfc3_ir_f160w_idgg78_hst_16250_14_wfc3_ir_f160w_iebs14_0025/sed_fit.png,/home/primary/SUPERNOVA/sed/NGC_5861_hst_15145_78_wfc3_ir_f160w_idgg78_hst_16250_14_wfc3_ir_f160w_iebs14_0025/followup_summary.json,/home/primary/SUPERNOVA/sed/NGC_5861_hst_15145_78_wfc3_ir_f160w_idgg78_hst_16250_14_wfc3_ir_f160w_iebs14_0025/all_photometry.parquet,67.0,60.0,13.0,True,True,4.0,9.0,True,56.0,16.0,3.0,0.0037853943136127196,-0.004944056118320331,0.004467221977580794,1.0,False,"['POST_DEPTH_OK', 'POST_LT_5PCT', 'ROBUST_FADE_SIG']",[],True,True,False,False,False,1456.6248059200007,4.247333888016763,,,0.7209886938356882,0.8142112467038963,0.6673146576272079,0.6983032524092275,0.67010943704731,0.9676007575385347,0.0,0.3,0.0,0.9808823529411765,0.0,1.0,1.0,1.0,0.0,0.02234272605044504,0.5616437445603146,0.032399242461465305,0.0,0.260661266001618,0.0,0.0,0.8017206474266111,0.30808823529411766,0.7000000000000001,0.1455224628405676,0.634021887409462,0.6293402411482684,0.0,0.12217336407356036,0.3959154665805865,"[""NEAR_TOTAL_DISAPPEARANCE"", ""SUB_5PCT_POST"", ""HIGH_SIGNIFICANCE_FADE"", ""LONG_BASELINE"", ""ALL_EPOCH_FOLLOWUP"", ""MULTIFILTER_PERSISTENCE""]",EXPORT_FAILURE_LIKE,HIGH,2
MESSIER_101_hst_9490_02_acs_wfc_f555w_j8d602_hst_14678_01_acs_wfc_f555w_jd6v01_0003,MESSIER 101::hst_9490_02_acs_wfc_f555w_j8d602::hst_14678_01_acs_wfc_f555w_jd6v01,MESSIER 101,210.74327554786996,54.34588081067677,PASS,21.592449960892207,12.616354440181974,0.9998673283300183,12.616354440181974,10.805311229716423,10.805311229716423,2958.889634199744,968.6357525506502,0.0,0.0,8.722691239676492e-05,0.9794946630960235,0.9999779857522009,26321563,26481492,hst_9490_02_acs_wfc_f555w_j8d602,hst_14678_01_acs_wfc_f555w_jd6v01,F555W,F555W,52591.73689722,57919.6925697,/home/primary/SUPERNOVA/candidate_packets/MESSIER_101_hst_9490_02_acs_wfc_f555w_j8d602_hst_14678_01_acs_wfc_f555w_jd6v01_0003/MESSIER_101_hst_9490_02_acs_wfc_f555w_j8d602_hst_14678_01_acs_wfc_f555w_jd6v01_0003_cutout.png,"[""POST_DEPTH_OK"", ""POST_LT_5PCT"", ""ROBUST_FADE_SIG""]",[],"{""baseline_days"": 5327.955672479999, ""compatibility"": ""exact"", ""edge_distance_px"": 230.38446128157167, ""n_scale_sources"": 1013, ""pair_score"": 1.4000000000000001, ""product_info"": {""image_ext_1"": ""SCI"", ""image_ext_2"": ""SCI"", ""obs_id_1"": ""hst_9490_02_acs_wfc_f555w_j8d602"", ""obs_id_2"": ""hst_14678_01_acs_wfc_f555w_jd6v01"", ""obsid_1"": 26321563, ""obsid_2"": 26481492, ""product_filename_1"": ""hst_9490_02_acs_wfc_f555w_j8d602_drc.fits"", ""product_filename_2"": ""hst_14678_01_acs_wfc_f555w_jd6v01_drc.fits"", ""product_path_1"": ""/home/primary/SUPERNOVA/data/cache/mast_products/HST/hst_9490_02_acs_wfc_f555w_j8d602/hst_9490_02_acs_wfc_f555w_j8d602_drc.fits"", ""product_path_2"": ""/home/primary/SUPERNOVA/data/cache/mast_products/HST/hst_14678_01_acs_wfc_f555w_jd6v01/hst_14678_01_acs_wfc_f555w_jd6v01_drc.fits"", ""product_priority_1"": 181.0, ""product_priority_2"": 181.0, ""product_uri_1"": ""mast:HST/product/hst_9490_02_acs_wfc_f555w_j8d602_drc.fits"", ""product_uri_2"": ""mast:HST/product/hst_14678_01_acs_wfc_f555w_jd6v01_drc.fits""}, ""scale_factor_post_to_pre"": 0.9321586768734117}",0.2557136931887619,KEEP,0.4060297877484129,0.7661181041220276,NO_MATCH,,False,False,,,,0.0,0,WEAK,all_epoch,56,0.9996703928428398,244.7642305412777,,0,0.3725490196078431,170.91057796865465,0.2703562043780092,20260310_083055UTC,/home/primary/SUPERNOVA/sed/MESSIER_101_hst_9490_02_acs_wfc_f555w_j8d602_hst_14678_01_acs_wfc_f555w_jd6v01_0003/lightcurve.png,/home/primary/SUPERNOVA/sed/MESSIER_101_hst_9490_02_acs_wfc_f555w_j8d602_hst_14678_01_acs_wfc_f555w_jd6v01_0003/sed_fit.png,/home/primary/SUPERNOVA/sed/MESSIER_101_hst_9490_02_acs_wfc_f555w_j8d602_hst_14678_01_acs_wfc_f555w_jd6v01_0003/followup_summary.json,/home/primary/SUPERNOVA/sed/MESSIER_101_hst_9490_02_acs_wfc_f555w_j8d602_hst_14678_01_acs_wfc_f555w_jd6v01_0003/all_photometry.parquet,279.0,115.0,12.0,True,True,3.0,9.0,True,56.0,11.0,3.0,0.0007878694515275925,0.0003296071571602437,0.011005385846264034,1.0,False,"['POST_DEPTH_OK', 'POST_LT_5PCT', 'ROBUST_FADE_SIG']",[],True,True,False,False,False,5327.955672479999,632.1681367063774,,,0.7605533604791807,0.2537179380449364,0.6615403105308495,0.9833134613724106,1.0,0.9999779857522009,0.0,0.3,0.0,0.6862745098039216,1.0,0.0,1.0,1.0,0.0,0.00038240785021997344,1.0,2.2014247799129194e-05,0.0,1.0,0.0,0.0,0.7405018719724891,0.27862745098039216,0.7999999999999999,0.27604000192484596,0.7000000000000001,0.6036926233456557,0.0,0.18562730329207747,0.35926785645902864,"[""NEAR_TOTAL_DISAPPEARANCE"", ""SUB_5PCT_POST"", ""HIGH_SIGNIFICANCE_FADE"", ""LONG_BASELINE"", ""ALL_EPOCH_FOLLOWUP"", ""MULTIFILTER_PERSISTENCE""]",EXPORT_FAILURE_LIKE,HIGH,3
NGC_5861_hst_15145_74_wfc3_ir_f160w_idgg74_hst_16250_14_wfc3_ir_f160w_iebs14_0023,NGC 5861::hst_15145_74_wfc3_ir_f160w_idgg74::hst_16250_14_wfc3_ir_f160w_iebs14,NGC 5861,227.31168462784544,-11.334172817955897,PASS,91.47921156783069,111.45198883292728,0.9748675755671926,111.45198883292728,48.24320018611133,48.24320018611133,63.208788646815954,33.867833418321,0.0,0.0,0.001733922224052515,0.24044131651432754,0.9720755155263506,26667217,71739676,hst_15145_74_wfc3_ir_f160w_idgg74,hst_16250_14_wfc3_ir_f160w_iebs14,F160W,F160W,58143.68995505,59638.19392855,/home/primary/SUPERNOVA/candidate_packets/NGC_5861_hst_15145_74_wfc3_ir_f160w_idgg74_hst_16250_14_wfc3_ir_f160w_iebs14_0023/NGC_5861_hst_15145_74_wfc3_ir_f160w_idgg74_hst_16250_14_wfc3_ir_f160w_iebs14_0023_cutout.png,"[""POST_DEPTH_OK"", ""POST_LT_5PCT"", ""ROBUST_FADE_SIG""]",[],"{""baseline_days"": 1494.5039734999955, ""compatibility"": ""exact"", ""edge_distance_px"": 158.2940302096071, ""n_scale_sources"": 71, ""pair_score"": 1.4000000000000001, ""product_info"": {""image_ext_1"": ""SCI"", ""image_ext_2"": ""SCI"", ""obs_id_1"": ""hst_15145_74_wfc3_ir_f160w_idgg74"", ""obs_id_2"": ""hst_16250_14_wfc3_ir_f160w_iebs14"", ""obsid_1"": 26667217, ""obsid_2"": 71739676, ""product_filename_1"": ""hst_15145_74_wfc3_ir_f160w_idgg74_drz.fits"", ""product_filename_2"": ""hst_16250_14_wfc3_ir_f160w_iebs14_drz.fits"", ""product_path_1"": ""/home/primary/SUPERNOVA/data/cache/mast_products/HST/hst_15145_74_wfc3_ir_f160w_idgg74/hst_15145_74_wfc3_ir_f160w_idgg74_drz.fits"", ""product_path_2"": ""/home/primary/SUPERNOVA/data/cache/mast_products/HST/hst_16250_14_wfc3_ir_f160w_iebs14/hst_16250_14_wfc3_ir_f160w_iebs14_drz.fits"", ""product_priority_1"": 181.0, ""product_priority_2"": 181.0, ""product_uri_1"": ""mast:HST/product/hst_15145_74_wfc3_ir_f160w_idgg74_drz.fits"", ""product_uri_2"": ""mast:HST/product/hst_16250_14_wfc3_ir_f160w_iebs14_drz.fits""}, ""scale_factor_post_to_pre"": 0.9714883742437238}",0.5424662531226279,KEEP,0.2242940118603902,0.3797419035833735,NO_MATCH,,False,False,,,,0.0,0,WEAK,all_epoch,56,1.0034941239264406,71.29985937703499,,0,0.95,21.13279946299832,3.073431709586747,20260310_075402UTC,/home/primary/SUPERNOVA/sed/NGC_5861_hst_15145_74_wfc3_ir_f160w_idgg74_hst_16250_14_wfc3_ir_f160w_iebs14_0023/lightcurve.png,/home/primary/SUPERNOVA/sed/NGC_5861_hst_15145_74_wfc3_ir_f160w_idgg74_hst_16250_14_wfc3_ir_f160w_iebs14_0023/sed_fit.png,/home/primary/SUPERNOVA/sed/NGC_5861_hst_15145_74_wfc3_ir_f160w_idgg74_hst_16250_14_wfc3_ir_f160w_iebs14_0023/followup_summary.json,/home/primary/SUPERNOVA/sed/NGC_5861_hst_15145_74_wfc3_ir_f160w_idgg74_hst_16250_14_wfc3_ir_f160w_iebs14_0023/all_photometry.parquet,67.0,60.0,12.0,True,True,3.0,9.0,True,56.0,16.0,2.0,8.135442092036546e-05,-0.0034941239264405215,0.0036568327682812525,1.0,False,"['POST_DEPTH_OK', 'POST_LT_5PCT', 'ROBUST_FADE_SIG']",[],True,True,False,False,False,1494.5039734999955,6.875961940875476,,,0.7267249504079372,0.9027036787442814,0.6657270682600549,0.7525275935129699,0.6766399564079479,0.9720755155263506,0.0,0.3,0.0,0.975,0.0,0.0,0.0,1.0,0.0,0.0170943677936193,0.12992533979694396,0.02792448447364937,0.0,0.3523604956267114,0.0,0.0,0.8276383382837408,0.3075,0.30000000000000004,0.09336899267149718,0.6353279912815896,0.595450501837577,0.0,0.1302100682739457,0.5519136510011209,"[""NEAR_TOTAL_DISAPPEARANCE"", ""SUB_5PCT_POST"", ""HIGH_SIGNIFICANCE_FADE"", ""LONG_BASELINE"", ""ALL_EPOCH_FOLLOWUP"", ""MULTIFILTER_PERSISTENCE""]",EXPORT_FAILURE_LIKE,LOW,4
NGC_5728_hst_15640_21_wfc3_ir_f160w_idxb21_hst_15640_2b_wfc3_ir_f160w_idxb2b_0137,NGC 5728::hst_15640_21_wfc3_ir_f160w_idxb21::hst_15640_2b_wfc3_ir_f160w_idxb2b,NGC 5728,220.6064512154987,-17.22810492623929,REVIEW,0.03409809854959634,5.383186499327959,0.43780585589094867,5.383186499327959,1.2677677099325948,1.2677677099325948,4.115418789395364,1.2383536750842838,10.0,0.6297998664607081,0.03169928139437827,0.1667358910311457,0.2496497766571315,26687124,26695399,hst_15640_21_wfc3_ir_f160w_idxb21,hst_15640_2b_wfc3_ir_f160w_idxb2b,F160W,F160W,58608.63485219,58713.17633676,/home/primary/SUPERNOVA/candidate_packets/NGC_5728_hst_15640_21_wfc3_ir_f160w_idxb21_hst_15640_2b_wfc3_ir_f160w_idxb2b_0137/NGC_5728_hst_15640_21_wfc3_ir_f160w_idxb21_hst_15640_2b_wfc3_ir_f160w_idxb2b_0137_cutout.png,"[""POST_LT_5PCT""]","[""BLEND_RISK"", ""CROWDED"", ""EDGE_NEAR_MASK""]","{""baseline_days"": 104.54148456999974, ""compatibility"": ""exact"", ""edge_distance_px"": 6.082762530298219, ""n_scale_sources"": 67, ""pair_score"": 1.4000000000000001, ""product_info"": {""image_ext_1"": ""SCI"", ""image_ext_2"": ""SCI"", ""obs_id_1"": ""hst_15640_21_wfc3_ir_f160w_idxb21"", ""obs_id_2"": ""hst_15640_2b_wfc3_ir_f160w_idxb2b"", ""obsid_1"": 26687124, ""obsid_2"": 26695399, ""product_filename_1"": ""hst_15640_21_wfc3_ir_f160w_idxb21_drz.fits"", ""product_filename_2"": ""hst_15640_2b_wfc3_ir_f160w_idxb2b_drz.fits"", ""product_path_1"": ""/home/primary/SUPERNOVA/data/cache/mast_products/HST/hst_15640_21_wfc3_ir_f160w_idxb21/hst_15640_21_wfc3_ir_f160w_idxb21_drz.fits"", ""product_path_2"": ""/home/primary/SUPERNOVA/data/cache/mast_products/HST/hst_15640_2b_wfc3_ir_f160w_idxb2b/hst_15640_2b_wfc3_ir_f160w_idxb2b_drz.fits"", ""product_priority_1"": 181.0, ""product_priority_2"": 181.0, ""product_uri_1"": ""mast:HST/product/hst_15640_21_wfc3_ir_f160w_idxb21_drz.fits"", ""product_uri_2"": ""mast:HST/product/hst_15640_2b_wfc3_ir_f160w_idxb2b_drz.fits""}, ""scale_factor_post_to_pre"": 0.9962810464584262}",0.113078118549618,KEEP,0.0903158000195455,0.3517406212149236,NO_MATCH,,False,False,,3.4704272548784774,0.2236922654112584,-0.753153467255192,17,UNIQUE,pair_proxy,2,0.4058113469247211,1.277776561164963,3.4704272548784774,17,,2.362816799953848,2.187899168811049,,,,,,,,,,,,,False,,,,,,,,False,['POST_LT_5PCT'],"['BLEND_RISK', 'CROWDED', 'EDGE_NEAR_MASK']",True,False,True,True,True,104.54148456999974,1.0799477570247686,3.4704272548784774,0.2236922654112584,0.0,0.0,0.01130003573232807,0.0,0.0,0.2496497766571315,0.0,0.2236922654112584,1.0,0.3,0.0,0.0,0.0,0.0,1.0,0.32120641487324825,0.04315322337393528,0.7503502233428685,0.6297998664607081,0.0,0.75,0.0,0.12081747972016384,0.4128923203766225,0.0,0.5563771450854547,0.44999999999999996,0.0,0.0,0.6588788205527031,0.7886542979478198,"[""SUB_5PCT_POST"", ""LOCALLY_UNIQUE"", ""BLEND_RISK"", ""CROWDED_FIELD"", ""CROSS_REDUCTION_TENSION"", ""NO_ALL_EPOCH_FOLLOWUP""]",SYSTEMATIC_LIKE,MEDIUM,5
MESSIER_101_hst_9490_02_acs_wfc_f555w_j8d602_hst_14678_01_acs_wfc_f555w_jd6v01_0225,MESSIER 101::hst_9490_02_acs_wfc_f555w_j8d602::hst_14678_01_acs_wfc_f555w_jd6v01,MESSIER 101,210.75658486051677,54.33899289361532,REVIEW,15.28300446736068,35.36370939548412,0.8708693564665664,35.36370939548412,9.386640855939204,9.386640855939204,138.28718453126422,8.176299745645489,0.0,0.0,0.0009209176410406303,0.9794946630960235,0.8833602336593883,26321563,26481492,hst_9490_02_acs_wfc_f555w_j8d602,hst_14678_01_acs_wfc_f555w_jd6v01,F555W,F555W,52591.73689722,57919.6925697,/home/primary/SUPERNOVA/candidate_packets/MESSIER_101_hst_9490_02_acs_wfc_f555w_j8d602_hst_14678_01_acs_wfc_f555w_jd6v01_0225/MESSIER_101_hst_9490_02_acs_wfc_f555w_j8d602_hst_14678_01_acs_wfc_f555w_jd6v01_0225_cutout.png,"[""POST_DEPTH_OK"", ""ROBUST_FADE_SIG""]",[],"{""baseline_days"": 5327.955672479999, ""compatibility"": ""exact"", ""edge_distance_px"": 37.64306044943742, ""n_scale_sources"": 1013, ""pair_score"": 1.4000000000000001, ""product_info"": {""image_ext_1"": ""SCI"", ""image_ext_2"": ""SCI"", ""obs_id_1"": ""hst_9490_02_acs_wfc_f555w_j8d602"", ""obs_id_2"": ""hst_14678_01_acs_wfc_f555w_jd6v01"", ""obsid_1"": 26321563, ""obsid_2"": 26481492, ""product_filename_1"": ""hst_9490_02_acs_wfc_f555w_j8d602_drc.fits"", ""product_filename_2"": ""hst_14678_01_acs_wfc_f555w_jd6v01_drc.fits"", ""product_path_1"": ""/home/primary/SUPERNOVA/data/cache/mast_products/HST/hst_9490_02_acs_wfc_f555w_j8d602/hst_9490_02_acs_wfc_f555w_j8d602_drc.fits"", ""product_path_2"": ""/home/primary/SUPERNOVA/data/cache/mast_products/HST/hst_14678_01_acs_wfc_f555w_jd6v01/hst_14678_01_acs_wfc_f555w_jd6v01_drc.fits"", ""product_priority_1"": 181.0, ""product_priority_2"": 181.0, ""product_uri_1"": ""mast:HST/product/hst_9490_02_acs_wfc_f555w_j8d602_drc.fits"", ""product_uri_2"": ""mast:HST/product/hst_14678_01_acs_wfc_f555w_jd6v01_drc.fits""}, ""scale_factor_post_to_pre"": 0.9321586768734117}",0.3951884938585734,UPRANK,0.4592280859400082,0.219396604364878,NO_MATCH,,False,False,,49.91716481875566,0.0196397423847064,-0.0254095129184263,2,UNIQUE,pair_proxy,2,0.7639761560465772,158.5906459059244,49.91716481875566,2,,6.183837113921637,0.3381452410383658,,,,,,,,,,,,,False,,,,,,,,False,"['POST_DEPTH_OK', 'ROBUST_FADE_SIG']",[],False,True,False,False,False,5327.955672479999,18.287517798365293,49.91716481875566,0.0196397423847064,0.5859997826116231,0.5607520644488053,0.40346916325062304,0.9021120284100209,1.0,0.8833602336593883,0.7401561460064445,0.0196397423847064,0.2352941176470592,0.3,0.0,0.0,0.0,0.0,0.0,0.008843357464675643,1.0,0.11663976634061168,0.0,0.5385584350273758,0.0,0.0,0.6127697315922445,0.692472460634547,0.0,0.2064281296426189,0.4970588235294119,0.5257934065993652,0.15,0.2413528427366631,0.6355546603966442,"[""STRONG_FADE"", ""HIGH_SIGNIFICANCE_FADE"", ""LONG_BASELINE"", ""LOCALLY_UNIQUE"", ""NO_ALL_EPOCH_FOLLOWUP""]",VARIABLE_OR_UNRESOLVED,MEDIUM,6
MESSIER_101_hst_9490_02_acs_wfc_f555w_j8d602_hst_14678_01_acs_wfc_f555w_jd6v01_0008,MESSIER 101::hst_9490_02_acs_wfc_f555w_j8d602::hst_14678_01_acs_wfc_f555w_jd6v01,MESSIER 101,210.76786190822187,54.3349478699555,REVIEW,7.499396653064822,983.4240668774066,1.0011575667798174,983.4240668774066,3.752194770066855,3.752194770066855,979.6718721073398,307.39594612161534,0.0,0.0,0.00019645554720286942,0.9794946630960235,0.9994959895456365,26321563,26481492,hst_9490_02_acs_wfc_f555w_j8d602,hst_14678_01_acs_wfc_f555w_jd6v01,F555W,F555W,52591.73689722,57919.6925697,/home/primary/SUPERNOVA/candidate_packets/MESSIER_101_hst_9490_02_acs_wfc_f555w_j8d602_hst_14678_01_acs_wfc_f555w_jd6v01_0008/MESSIER_101_hst_9490_02_acs_wfc_f555w_j8d602_hst_14678_01_acs_wfc_f555w_jd6v01_0008_cutout.png,"[""POST_DEPTH_OK"", ""POST_LT_5PCT""]",[],"{""baseline_days"": 5327.955672479999, ""compatibility"": ""exact"", ""edge_distance_px"": 445.56705443737644, ""n_scale_sources"": 1013, ""pair_score"": 1.4000000000000001, ""product_info"": {""image_ext_1"": ""SCI"", ""image_ext_2"": ""SCI"", ""obs_id_1"": ""hst_9490_02_acs_wfc_f555w_j8d602"", ""obs_id_2"": ""hst_14678_01_acs_wfc_f555w_jd6v01"", ""obsid_1"": 26321563, ""obsid_2"": 26481492, ""product_filename_1"": ""hst_9490_02_acs_wfc_f555w_j8d602_drc.fits"", ""product_filename_2"": ""hst_14678_01_acs_wfc_f555w_jd6v01_drc.fits"", ""product_path_1"": ""/home/primary/SUPERNOVA/data/cache/mast_products/HST/hst_9490_02_acs_wfc_f555w_j8d602/hst_9490_02_acs_wfc_f555w_j8d602_drc.fits"", ""product_path_2"": ""/home/primary/SUPERNOVA/data/cache/mast_products/HST/hst_14678_01_acs_wfc_f555w_jd6v01/hst_14678_01_acs_wfc_f555w_jd6v01_drc.fits"", ""product_priority_1"": 181.0, ""product_priority_2"": 181.0, ""product_uri_1"": ""mast:HST/product/hst_9490_02_acs_wfc_f555w_j8d602_drc.fits"", ""product_uri_2"": ""mast:HST/product/hst_14678_01_acs_wfc_f555w_jd6v01_drc.fits""}, ""scale_factor_post_to_pre"": 0.9321586768734117}",0.2449715063444948,KEEP,0.5098963367613771,0.8460162124924342,NO_MATCH,,False,False,,,,0.0,0,WEAK,pair_proxy,2,1.001465197104094,443.5543774426112,,0,,26.13704521665773,0.2486547203019766,,,,,,,,,,,,,False,,,,,,,,False,"['POST_DEPTH_OK', 'POST_LT_5PCT']",[],True,False,False,False,False,5327.955672479999,105.11381076906892,,,0.7622992463598759,1.0,0.6635055142674419,1.0,1.0,0.9994959895456365,0.0,0.3,0.0,0.3,0.0,0.0,0.0,0.0,0.0,0.001490945997277883,1.0,0.000504010454363546,0.0,0.8714472764085985,0.0,0.0,0.8268940472248845,0.24,0.0,0.26333414307693676,0.35,0.5078781487120873,0.0,0.2580760874143166,0.7459658929162674,"[""NEAR_TOTAL_DISAPPEARANCE"", ""SUB_5PCT_POST"", ""HIGH_SIGNIFICANCE_FADE"", ""LONG_BASELINE"", ""NO_ALL_EPOCH_FOLLOWUP""]",VARIABLE_OR_UNRESOLVED,MEDIUM,7
MESSIER_066_hst_12968_01_wfc3_uvis_f438w_ic0h01_hst_15654_22_wfc3_uvis_f438w_idxr22_0217,MESSIER 066::hst_12968_01_wfc3_uvis_f438w_ic0h01::hst_15654_22_wfc3_uvis_f438w_idxr22,MESSIER 066,170.07240440405914,12.982820416447165,REVIEW,21.898161471374397,58.01603587875941,0.5432121518109829,58.01603587875941,35.92856997340021,35.92856997340021,22.087465905359203,30.509063839859426,1.0,0.38055192520655856,0.0003399231208843271,0.21440372344037495,0.9899447298197752,26583197,26689617,hst_12968_01_wfc3_uvis_f438w_ic0h01,hst_15654_22_wfc3_uvis_f438w_idxr22,F438W,F438W,56594.96158108,58798.64000237,/home/primary/SUPERNOVA/candidate_packets/MESSIER_066_hst_12968_01_wfc3_uvis_f438w_ic0h01_hst_15654_22_wfc3_uvis_f438w_idxr22_0217/MESSIER_066_hst_12968_01_wfc3_uvis_f438w_ic0h01_hst_15654_22_wfc3_uvis_f438w_idxr22_0217_cutout.png,"[""POST_DEPTH_OK"", ""ROBUST_FADE_SIG""]",[],"{""baseline_days"": 2203.6784212899947, ""compatibility"": ""exact"", ""edge_distance_px"": 253.1896522372113, ""n_scale_sources"": 245, ""pair_score"": 1.4000000000000001, ""product_info"": {""image_ext_1"": ""SCI"", ""image_ext_2"": ""SCI"", ""obs_id_1"": ""hst_12968_01_wfc3_uvis_f438w_ic0h01"", ""obs_id_2"": ""hst_15654_22_wfc3_uvis_f438w_idxr22"", ""obsid_1"": 26583197, ""obsid_2"": 26689617, ""product_filename_1"": ""hst_12968_01_wfc3_uvis_f438w_ic0h01_drc.fits"", ""product_filename_2"": ""hst_15654_22_wfc3_uvis_f438w_idxr22_drc.fits"", ""product_path_1"": ""/home/primary/SUPERNOVA/data/cache/mast_products/HST/hst_12968_01_wfc3_uvis_f438w_ic0h01/hst_12968_01_wfc3_uvis_f438w_ic0h01_drc.fits"", ""product_path_2"": ""/home/primary/SUPERNOVA/data/cache/mast_products/HST/hst_15654_22_wfc3_uvis_f438w_idxr22/hst_15654_22_wfc3_uvis_f438w_idxr22_drc.fits"", ""product_priority_1"": 181.0, ""product_priority_2"": 181.0, ""product_uri_1"": ""mast:HST/product/hst_12968_01_wfc3_uvis_f438w_ic0h01_drc.fits"", ""product_uri_2"": ""mast:HST/product/hst_15654_22_wfc3_uvis_f438w_idxr22_drc.fits""}, ""scale_factor_post_to_pre"": 0.967194190592859}",0.6021249482818495,UPRANK,0.5003646924910662,0.4779226365083633,NO_MATCH,,False,False,,190.0846720825224,0.0052332821314319,0.0541248801355328,3,UNIQUE,pair_proxy,2,0.5682416768539713,28.24718661464407,190.0846720825224,3,,2.356563952030261,0.0753235231414597,,,,,,,,,,,,,False,,,,,,,,False,"['POST_DEPTH_OK', 'ROBUST_FADE_SIG']",[],False,True,False,False,False,2203.6784212899947,31.28589653997686,190.0846720825224,0.0052332821314319,0.14263050664148755,0.7082181296596415,0.1891515698544047,0.5792792041271595,0.7754239526933674,0.9899447298197752,1.0,0.0052332821314319,0.3529411764705888,0.3,0.0,0.0,0.0,0.0,0.1,0.00294696784149532,0.09927173400365708,0.010055270180224785,0.38055192520655856,0.6407666182888039,0.0,0.0,0.47632545325210185,0.8313711918311587,0.0,0.20425635590156815,0.47567302583279125,0.4880054962545031,0.15,0.2240621040679746,0.6255737788878368,"[""HIGH_SIGNIFICANCE_FADE"", ""LONG_BASELINE"", ""LOCALLY_UNIQUE"", ""NO_ALL_EPOCH_FOLLOWUP""]",VARIABLE_OR_UNRESOLVED,MEDIUM,8
MESSIER_066_hst_12968_01_wfc3_uvis_f814w_ic0h01_hst_15654_22_wfc3_uvis_f814w_idxr22_0091,MESSIER 066::hst_12968_01_wfc3_uvis_f814w_ic0h01::hst_15654_22_wfc3_uvis_f814w_idxr22,MESSIER 066,170.07240343533996,12.9828209216034,REVIEW,13.373481651506083,33.14250249721117,0.6801004989728114,33.14250249721117,17.437337157871433,17.437337157871433,15.705165339339736,14.47681958246896,1.0,0.3748289044691815,0.0005132083673462019,0.20505500630868706,0.9919010036116682,26583220,26689624,hst_12968_01_wfc3_uvis_f814w_ic0h01,hst_15654_22_wfc3_uvis_f814w_idxr22,F814W,F814W,56595.03795848,58798.63511793,/home/primary/SUPERNOVA/candidate_packets/MESSIER_066_hst_12968_01_wfc3_uvis_f814w_ic0h01_hst_15654_22_wfc3_uvis_f814w_idxr22_0091/MESSIER_066_hst_12968_01_wfc3_uvis_f814w_ic0h01_hst_15654_22_wfc3_uvis_f814w_idxr22_0091_cutout.png,"[""POST_DEPTH_OK"", ""ROBUST_FADE_SIG""]",[],"{""baseline_days"": 2203.5971594500006, ""compatibility"": ""exact"", ""edge_distance_px"": 252.99011838409817, ""n_scale_sources"": 118, ""pair_score"": 1.4000000000000001, ""product_info"": {""image_ext_1"": ""SCI"", ""image_ext_2"": ""SCI"", ""obs_id_1"": ""hst_12968_01_wfc3_uvis_f814w_ic0h01"", ""obs_id_2"": ""hst_15654_22_wfc3_uvis_f814w_idxr22"", ""obsid_1"": 26583220, ""obsid_2"": 26689624, ""product_filename_1"": ""hst_12968_01_wfc3_uvis_f814w_ic0h01_drc.fits"", ""product_filename_2"": ""hst_15654_22_wfc3_uvis_f814w_idxr22_drc.fits"", ""product_path_1"": ""/home/primary/SUPERNOVA/data/cache/mast_products/HST/hst_12968_01_wfc3_uvis_f814w_ic0h01/hst_12968_01_wfc3_uvis_f814w_ic0h01_drc.fits"", ""product_path_2"": ""/home/primary/SUPERNOVA/data/cache/mast_products/HST/hst_15654_22_wfc3_uvis_f814w_idxr22/hst_15654_22_wfc3_uvis_f814w_idxr22_drc.fits"", ""product_priority_1"": 181.0, ""product_priority_2"": 181.0, ""product_uri_1"": ""mast:HST/product/hst_12968_01_wfc3_uvis_f814w_ic0h01_drc.fits"", ""product_uri_2"": ""mast:HST/product/hst_15654_22_wfc3_uvis_f814w_idxr22_drc.fits""}, ""scale_factor_post_to_pre"": 0.9814371385130551}",0.3476207617883994,UPRANK,0.4090254932438907,0.1673622097127459,NO_MATCH,,False,False,,30.72484706590989,0.0315210345355629,0.0099509188308037,4,UNIQUE,pair_proxy,2,0.6844013961633881,18.11994526971244,30.72484706590989,4,,4.097253540089972,0.0522372971132613,,,,,,,,,,,,,False,,,,,,,,False,"['POST_DEPTH_OK', 'ROBUST_FADE_SIG']",[],False,True,False,False,False,2203.5971594500006,78.4354047110492,30.72484706590989,0.0315210345355629,0.3278609441460891,0.5414279777828076,0.31633954202295295,0.4962044874129527,0.775414572148844,0.9919010036116682,0.6054295774901789,0.0315210345355629,0.4705882352941184,0.3,0.0,0.0,0.0,0.0,0.1,0.00470560289508096,0.08826565180497688,0.00809899638833178,0.3748289044691815,0.8157188357948902,0.0,0.0,0.49107873524719636,0.6635752348040295,0.0,0.2217821722283988,0.4992005614885925,0.45134741775682063,0.15,0.23428415279528905,0.6606042687141946,"[""HIGH_SIGNIFICANCE_FADE"", ""LONG_BASELINE"", ""LOCALLY_UNIQUE"", ""NO_ALL_EPOCH_FOLLOWUP""]",VARIABLE_OR_UNRESOLVED,MEDIUM,9
MESSIER_101_hst_9490_02_acs_wfc_f555w_j8d602_hst_14678_01_acs_wfc_f555w_jd6v01_1314,MESSIER 101::hst_9490_02_acs_wfc_f555w_j8d602::hst_14678_01_acs_wfc_f555w_jd6v01,MESSIER 101,210.76210457902357,54.33532033629902,REVIEW,57.36576379170655,52.14458039975438,0.908838023675084,52.14458039975438,33.504359560860046,33.504359560860046,46.601731533507895,18.56530802505471,0.0,0.0,0.004517757456574781,0.9794946630960235,0.9520200498165523,26321563,26481492,hst_9490_02_acs_wfc_f555w_j8d602,hst_14678_01_acs_wfc_f555w_jd6v01,F555W,F555W,52591.73689722,57919.6925697,/home/primary/SUPERNOVA/candidate_packets/MESSIER_101_hst_9490_02_acs_wfc_f555w_j8d602_hst_14678_01_acs_wfc_f555w_jd6v01_1314/MESSIER_101_hst_9490_02_acs_wfc_f555w_j8d602_hst_14678_01_acs_wfc_f555w_jd6v01_1314_cutout.png,"[""POST_DEPTH_OK"", ""ROBUST_FADE_SIG""]",[],"{""baseline_days"": 5327.955672479999, ""compatibility"": ""exact"", ""edge_distance_px"": 354.400902933387, ""n_scale_sources"": 1013, ""pair_score"": 1.4000000000000001, ""product_info"": {""image_ext_1"": ""SCI"", ""image_ext_2"": ""SCI"", ""obs_id_1"": ""hst_9490_02_acs_wfc_f555w_j8d602"", ""obs_id_2"": ""hst_14678_01_acs_wfc_f555w_jd6v01"", ""obsid_1"": 26321563, ""obsid_2"": 26481492, ""product_filename_1"": ""hst_9490_02_acs_wfc_f555w_j8d602_drc.fits"", ""product_filename_2"": ""hst_14678_01_acs_wfc_f555w_jd6v01_drc.fits"", ""product_path_1"": ""/home/primary/SUPERNOVA/data/cache/mast_products/HST/hst_9490_02_acs_wfc_f555w_j8d602/hst_9490_02_acs_wfc_f555w_j8d602_drc.fits"", ""product_path_2"": ""/home/primary/SUPERNOVA/data/cache/mast_products/HST/hst_14678_01_acs_wfc_f555w_jd6v01/hst_14678_01_acs_wfc_f555w_jd6v01_drc.fits"", ""product_priority_1"": 181.0, ""product_priority_2"": 181.0, ""product_uri_1"": ""mast:HST/product/hst_9490_02_acs_wfc_f555w_j8d602_drc.fits"", ""product_uri_2"": ""mast:HST/product/hst_14678_01_acs_wfc_f555w_jd6v01_drc.fits""}, ""scale_factor_post_to_pre"": 0.9321586768734117}",0.4688006576765486,KEEP,0.4395434203757064,0.0624234189174213,NO_MATCH,,False,False,,,,0.1057004754449588,1,WEAK,pair_proxy,2,0.8763071018442207,36.1528239908728,,1,,1.7665496252055417,0.3293602902482235,,,,,,,,,,,,,False,,,,,,,,False,"['POST_DEPTH_OK', 'ROBUST_FADE_SIG']",[],False,True,False,False,False,5327.955672479999,5.363578055733967,,,0.6373770764742339,0.6764333776393427,0.526464856531531,0.6254515314388979,1.0,0.9520200498165523,0.0,0.3,0.1176470588235296,0.3,0.0,0.0,0.0,0.0,0.0,0.04534691856341333,1.0,0.047979950183447695,0.0,0.3050775054771355,0.0,0.0,0.6368355751532147,0.25764705882352945,0.0,0.2148808384187307,0.3735294117647059,0.44414700604062607,0.15,0.2361254955787556,0.7653570166681943,"[""STRONG_FADE"", ""HIGH_SIGNIFICANCE_FADE"", ""LONG_BASELINE"", ""NO_ALL_EPOCH_FOLLOWUP""]",VARIABLE_OR_UNRESOLVED,MEDIUM,10
MESSIER_101_hst_9490_02_acs_wfc_f555w_j8d602_hst_14678_01_acs_wfc_f555w_jd6v01_1266,MESSIER 101::hst_9490_02_acs_wfc_f555w_j8d602::hst_14678_01_acs_wfc_f555w_jd6v01,MESSIER 101,210.80323498869052,54.3455363914227,REVIEW,5.416668541216471,11.968948598882506,1.1768223426302187,11.968948598882506,9.066403266454277,9.066403266454277,2.902545332428229,3.040049631753026,0.0,0.0,0.10832518070283856,0.9794946630960235,0.8702880449598474,26321563,26481492,hst_9490_02_acs_wfc_f555w_j8d602,hst_14678_01_acs_wfc_f555w_jd6v01,F555W,F555W,52591.73689722,57919.6925697,/home/primary/SUPERNOVA/candidate_packets/MESSIER_101_hst_9490_02_acs_wfc_f555w_j8d602_hst_14678_01_acs_wfc_f555w_jd6v01_1266/MESSIER_101_hst_9490_02_acs_wfc_f555w_j8d602_hst_14678_01_acs_wfc_f555w_jd6v01_1266_cutout.png,"[""POST_DEPTH_OK"", ""POST_LT_5PCT"", ""ROBUST_FADE_SIG""]",[],"{""baseline_days"": 5327.955672479999, ""compatibility"": ""exact"", ""edge_distance_px"": 101.53324578678651, ""n_scale_sources"": 1013, ""pair_score"": 1.4000000000000001, ""product_info"": {""image_ext_1"": ""SCI"", ""image_ext_2"": ""SCI"", ""obs_id_1"": ""hst_9490_02_acs_wfc_f555w_j8d602"", ""obs_id_2"": ""hst_14678_01_acs_wfc_f555w_jd6v01"", ""obsid_1"": 26321563, ""obsid_2"": 26481492, ""product_filename_1"": ""hst_9490_02_acs_wfc_f555w_j8d602_drc.fits"", ""product_filename_2"": ""hst_14678_01_acs_wfc_f555w_jd6v01_drc.fits"", ""product_path_1"": ""/home/primary/SUPERNOVA/data/cache/mast_products/HST/hst_9490_02_acs_wfc_f555w_j8d602/hst_9490_02_acs_wfc_f555w_j8d602_drc.fits"", ""product_path_2"": ""/home/primary/SUPERNOVA/data/cache/mast_products/HST/hst_14678_01_acs_wfc_f555w_jd6v01/hst_14678_01_acs_wfc_f555w_jd6v01_drc.fits"", ""product_priority_1"": 181.0, ""product_priority_2"": 181.0, ""product_uri_1"": ""mast:HST/product/hst_9490_02_acs_wfc_f555w_j8d602_drc.fits"", ""product_uri_2"": ""mast:HST/product/hst_14678_01_acs_wfc_f555w_jd6v01_drc.fits""}, ""scale_factor_post_to_pre"": 0.9321586768734117}",0.2394176205404003,KEEP,0.453119905533303,0.6570671216610549,NO_MATCH,,False,False,,,,0.0,0,WEAK,pair_proxy,2,1.308782817987794,9.797432215723855,,0,,0.5571853001110136,0.2189395784367729,,,,,,,,,,,,,False,,,,,,,,False,"['POST_DEPTH_OK', 'POST_LT_5PCT', 'ROBUST_FADE_SIG']",[],True,True,False,False,False,5327.955672479999,2.544927253853839,,,1.0,0.23802554703499482,1.0,0.38114977709069575,1.0,0.8702880449598474,0.0,0.3,0.0,0.3,0.0,0.0,0.0,0.0,0.0,1.0,1.0,0.12971195504015265,0.0,0.16316600935749143,0.0,0.0,0.7310747676034658,0.24,0.0,0.3026935573389614,0.35,0.4409374618208039,0.0,0.30107292765939975,0.7603387848594803,"[""NEAR_TOTAL_DISAPPEARANCE"", ""SUB_5PCT_POST"", ""HIGH_SIGNIFICANCE_FADE"", ""LONG_BASELINE"", ""NO_ALL_EPOCH_FOLLOWUP""]",VARIABLE_OR_UNRESOLVED,MEDIUM,11
MESSIER_077_hst_15151_04_wfc3_uvis_f814w_idm104_hst_17502_01_wfc3_uvis_f814w_ifab01_0257,MESSIER 077::hst_15151_04_wfc3_uvis_f814w_idm104::hst_17502_01_wfc3_uvis_f814w_ifab01,MESSIER 077,40.67200049763023,-0.008889945056521485,REVIEW,45.22764589759568,69.68894230169406,0.645262504224364,69.68894230169406,36.63770734370328,36.63770734370328,78.25545438035184,30.82085921409585,0.0,0.0,0.00372584939750832,0.13008095139314804,0.9701306064781847,26693964,229880271,hst_15151_04_wfc3_uvis_f814w_idm104,hst_17502_01_wfc3_uvis_f814w_ifab01,F814W,F814W,58665.15085505,60569.719117,/home/primary/SUPERNOVA/candidate_packets/MESSIER_077_hst_15151_04_wfc3_uvis_f814w_idm104_hst_17502_01_wfc3_uvis_f814w_ifab01_0257/MESSIER_077_hst_15151_04_wfc3_uvis_f814w_idm104_hst_17502_01_wfc3_uvis_f814w_ifab01_0257_cutout.png,"[""POST_DEPTH_OK"", ""ROBUST_FADE_SIG""]",[],"{""baseline_days"": 1904.5682619500003, ""compatibility"": ""exact"", ""edge_distance_px"": 504.0674558032883, ""n_scale_sources"": 126, ""pair_score"": 1.4000000000000001, ""product_info"": {""image_ext_1"": ""SCI"", ""image_ext_2"": ""SCI"", ""obs_id_1"": ""hst_15151_04_wfc3_uvis_f814w_idm104"", ""obs_id_2"": ""hst_17502_01_wfc3_uvis_f814w_ifab01"", ""obsid_1"": 26693964, ""obsid_2"": 229880271, ""product_filename_1"": ""hst_15151_04_wfc3_uvis_f814w_idm104_drc.fits"", ""product_filename_2"": ""hst_17502_01_wfc3_uvis_f814w_ifab01_drc.fits"", ""product_path_1"": ""/home/primary/SUPERNOVA/data/cache/mast_products/HST/hst_15151_04_wfc3_uvis_f814w_idm104/hst_15151_04_wfc3_uvis_f814w_idm104_drc.fits"", ""product_path_2"": ""/home/primary/SUPERNOVA/data/cache/mast_products/HST/hst_17502_01_wfc3_uvis_f814w_ifab01/hst_17502_01_wfc3_uvis_f814w_ifab01_drc.fits"", ""product_priority_1"": 181.0, ""product_priority_2"": 181.0, ""product_uri_1"": ""mast:HST/product/hst_15151_04_wfc3_uvis_f814w_idm104_drc.fits"", ""product_uri_2"": ""mast:HST/product/hst_17502_01_wfc3_uvis_f814w_ifab01_drc.fits""}, ""scale_factor_post_to_pre"": 0.9641133093555481}",0.4817958156149134,KEEP,0.5778793587241997,0.114018205552922,NO_MATCH,,False,False,,,,0.0194170433209505,1,WEAK,pair_proxy,2,0.6381743952264984,23.54510115742737,,1,,13.306476966158488,0.6042612026046823,,,,,,,,,,,,,False,,,,,,,,False,"['POST_DEPTH_OK', 'ROBUST_FADE_SIG']",[],False,True,False,False,False,1904.5682619500003,22.021067890509276,,,0.2807199190491233,0.7628281999909658,0.2657237300741035,0.5452103289645316,0.7383169900357248,0.9701306064781847,0.0,0.3,0.1176470588235296,0.3,0.0,0.0,0.0,0.0,0.0,0.03731001236206712,0.0,0.02986939352181528,0.0,0.5739218284316967,0.0,0.0,0.5200735246785143,0.25764705882352945,0.0,0.0995127355611216,0.32119280977185094,0.4111285355111509,0.15,0.16418805036494527,0.7933386446379702,"[""HIGH_SIGNIFICANCE_FADE"", ""LONG_BASELINE"", ""NO_ALL_EPOCH_FOLLOWUP""]",VARIABLE_OR_UNRESOLVED,LOW,12
MESSIER_101_hst_9490_02_acs_wfc_f555w_j8d602_hst_14678_01_acs_wfc_f555w_jd6v01_1397,MESSIER 101::hst_9490_02_acs_wfc_f555w_j8d602::hst_14678_01_acs_wfc_f555w_jd6v01,MESSIER 101,210.77883222308154,54.33056938959323,REVIEW,61.099252918051,65.64512741030406,0.6714759609572073,65.64512741030406,46.202812684697406,46.202812684697406,21.02685638482599,38.07183332489325,0.0,0.0,4.954675900779639e-05,0.9794946630960235,0.970194601314066,26321563,26481492,hst_9490_02_acs_wfc_f555w_j8d602,hst_14678_01_acs_wfc_f555w_jd6v01,F555W,F555W,52591.73689722,57919.6925697,/home/primary/SUPERNOVA/candidate_packets/MESSIER_101_hst_9490_02_acs_wfc_f555w_j8d602_hst_14678_01_acs_wfc_f555w_jd6v01_1397/MESSIER_101_hst_9490_02_acs_wfc_f555w_j8d602_hst_14678_01_acs_wfc_f555w_jd6v01_1397_cutout.png,"[""POST_DEPTH_OK"", ""ROBUST_FADE_SIG""]",[],"{""baseline_days"": 5327.955672479999, ""compatibility"": ""exact"", ""edge_distance_px"": 400.5820764837089, ""n_scale_sources"": 1013, ""pair_score"": 1.4000000000000001, ""product_info"": {""image_ext_1"": ""SCI"", ""image_ext_2"": ""SCI"", ""obs_id_1"": ""hst_9490_02_acs_wfc_f555w_j8d602"", ""obs_id_2"": ""hst_14678_01_acs_wfc_f555w_jd6v01"", ""obsid_1"": 26321563, ""obsid_2"": 26481492, ""product_filename_1"": ""hst_9490_02_acs_wfc_f555w_j8d602_drc.fits"", ""product_filename_2"": ""hst_14678_01_acs_wfc_f555w_jd6v01_drc.fits"", ""product_path_1"": ""/home/primary/SUPERNOVA/data/cache/mast_products/HST/hst_9490_02_acs_wfc_f555w_j8d602/hst_9490_02_acs_wfc_f555w_j8d602_drc.fits"", ""product_path_2"": ""/home/primary/SUPERNOVA/data/cache/mast_products/HST/hst_14678_01_acs_wfc_f555w_jd6v01/hst_14678_01_acs_wfc_f555w_jd6v01_drc.fits"", ""product_priority_1"": 181.0, ""product_priority_2"": 181.0, ""product_uri_1"": ""mast:HST/product/hst_9490_02_acs_wfc_f555w_j8d602_drc.fits"", ""product_uri_2"": ""mast:HST/product/hst_14678_01_acs_wfc_f555w_jd6v01_drc.fits""}, ""scale_factor_post_to_pre"": 0.9321586768734117}",0.4471066383218797,KEEP,0.3826766893571236,0.1392065940843371,MATCHED,2.1588347495307225,False,False,-2.0360002517700195,,,0.0,0,WEAK,pair_proxy,2,0.674640064087933,52.07752793394385,,0,,1.675915421976124,0.1463647334003128,,,,,,,,,,,,,False,,,,,,,,False,"['POST_DEPTH_OK', 'ROBUST_FADE_SIG']",[],False,True,False,False,False,5327.955672479999,11.45026799176025,,,0.3161906523862153,0.7450207766096216,0.3056514649535355,0.6937438932557152,1.0,0.970194601314066,0.0,0.3,0.0,0.3,0.0,0.0,0.0,0.0,0.0,0.0,1.0,0.029805398685934015,0.0,0.4494354942303656,0.0,0.0,0.5603768545004112,0.24,0.0,0.2233279813179113,0.35,0.4070129455603104,0.15,0.2384675985936369,0.7859434718249384,"[""HIGH_SIGNIFICANCE_FADE"", ""LONG_BASELINE"", ""NO_ALL_EPOCH_FOLLOWUP""]",VARIABLE_OR_UNRESOLVED,MEDIUM,13
MESSIER_101_hst_9490_02_acs_wfc_f555w_j8d602_hst_14678_01_acs_wfc_f555w_jd6v01_0449,MESSIER 101::hst_9490_02_acs_wfc_f555w_j8d602::hst_14678_01_acs_wfc_f555w_jd6v01,MESSIER 101,210.7781826455291,54.34732902576456,REVIEW,19.270030896500508,45.820508611037795,0.6810787819922561,45.820508611037795,17.72404629701315,17.72404629701315,28.096462314024645,19.636378287810793,0.0,0.0,0.0062895568059085916,0.9794946630960235,0.6766497703362004,26321563,26481492,hst_9490_02_acs_wfc_f555w_j8d602,hst_14678_01_acs_wfc_f555w_jd6v01,F555W,F555W,52591.73689722,57919.6925697,/home/primary/SUPERNOVA/candidate_packets/MESSIER_101_hst_9490_02_acs_wfc_f555w_j8d602_hst_14678_01_acs_wfc_f555w_jd6v01_0449/MESSIER_101_hst_9490_02_acs_wfc_f555w_j8d602_hst_14678_01_acs_wfc_f555w_jd6v01_0449_cutout.png,"[""POST_DEPTH_OK"", ""ROBUST_FADE_SIG""]",[],"{""baseline_days"": 5327.955672479999, ""compatibility"": ""exact"", ""edge_distance_px"": 247.8003228407905, ""n_scale_sources"": 1013, ""pair_score"": 1.4000000000000001, ""product_info"": {""image_ext_1"": ""SCI"", ""image_ext_2"": ""SCI"", ""obs_id_1"": ""hst_9490_02_acs_wfc_f555w_j8d602"", ""obs_id_2"": ""hst_14678_01_acs_wfc_f555w_jd6v01"", ""obsid_1"": 26321563, ""obsid_2"": 26481492, ""product_filename_1"": ""hst_9490_02_acs_wfc_f555w_j8d602_drc.fits"", ""product_filename_2"": ""hst_14678_01_acs_wfc_f555w_jd6v01_drc.fits"", ""product_path_1"": ""/home/primary/SUPERNOVA/data/cache/mast_products/HST/hst_9490_02_acs_wfc_f555w_j8d602/hst_9490_02_acs_wfc_f555w_j8d602_drc.fits"", ""product_path_2"": ""/home/primary/SUPERNOVA/data/cache/mast_products/HST/hst_14678_01_acs_wfc_f555w_jd6v01/hst_14678_01_acs_wfc_f555w_jd6v01_drc.fits"", ""product_priority_1"": 181.0, ""product_priority_2"": 181.0, ""product_uri_1"": ""mast:HST/product/hst_9490_02_acs_wfc_f555w_j8d602_drc.fits"", ""product_uri_2"": ""mast:HST/product/hst_14678_01_acs_wfc_f555w_jd6v01_drc.fits""}, ""scale_factor_post_to_pre"": 0.9321586768734117}",0.3207516926414746,UPRANK,0.3836643485565899,0.1734959942441453,NO_MATCH,,False,False,,7.406366185308368,0.1189574636598247,0.0357321579486333,2,UNIQUE,pair_proxy,2,0.4563124445718353,27.620757331432586,7.406366185308368,2,,3.243158055388516,0.1914596425286594,,,,,,,,,,,,,False,,,,,,,,False,"['POST_DEPTH_OK', 'ROBUST_FADE_SIG']",[],False,True,False,False,False,5327.955672479999,16.939121020781446,7.406366185308368,0.1189574636598247,0.3291847076033309,0.6379194794511959,0.0665957289399957,0.5750829435321544,1.0,0.6766497703362004,0.21045238197142663,0.1189574636598247,0.2352941176470592,0.3,0.0,0.0,0.0,0.0,0.0,0.06332853273588254,1.0,0.32335022966379956,0.0,0.5239789683389824,0.0,0.0,0.46672929407264535,0.4243104504362534,0.0,0.23887366411976943,0.4970588235294119,0.3734337971981876,0.15,0.2918267329214316,0.7245012285741576,"[""HIGH_SIGNIFICANCE_FADE"", ""LONG_BASELINE"", ""LOCALLY_UNIQUE"", ""CROSS_REDUCTION_TENSION"", ""NO_ALL_EPOCH_FOLLOWUP""]",VARIABLE_OR_UNRESOLVED,MEDIUM,14
MESSIER_061_hst_skycell-p1458x13y04_acs_wfc_f814w_all_hst_12574_01_acs_wfc_f814w_jbs801_0033,MESSIER 061::hst_skycell-p1458x13y04_acs_wfc_f814w_all::hst_12574_01_acs_wfc_f814w_jbs801,MESSIER 061,185.4683669813944,4.455164381763028,REVIEW,2.082516789936779,5.88288033402525,0.6433997755243848,5.88288033402525,3.7917354187637122,3.7917354187637122,4.24902669834416,2.851553613504034,0.0,0.0,0.012026542697521748,0.6946310716830402,0.9689467794631776,87488056,26448734,hst_skycell-p1458x13y04_acs_wfc_f814w_all,hst_12574_01_acs_wfc_f814w_jbs801,F814W,F814W,52702.82794074,56071.24052742,/home/primary/SUPERNOVA/candidate_packets/MESSIER_061_hst_skycell-p1458x13y04_acs_wfc_f814w_all_hst_12574_01_acs_wfc_f814w_jbs801_0033/MESSIER_061_hst_skycell-p1458x13y04_acs_wfc_f814w_all_hst_12574_01_acs_wfc_f814w_jbs801_0033_cutout.png,"[""POST_DEPTH_OK""]",[],"{""baseline_days"": 3368.4125866800023, ""compatibility"": ""exact"", ""edge_distance_px"": 55.758407437802596, ""n_scale_sources"": 49, ""pair_score"": 1.4000000000000001, ""product_info"": {""image_ext_1"": ""SCI"", ""image_ext_2"": ""SCI"", ""obs_id_1"": ""hst_skycell-p1458x13y04_acs_wfc_f814w_all"", ""obs_id_2"": ""hst_12574_01_acs_wfc_f814w_jbs801"", ""obsid_1"": 87488056, ""obsid_2"": 26448734, ""product_filename_1"": ""hst_skycell-p1458x13y04_acs_wfc_f814w_all_drc.fits"", ""product_filename_2"": ""hst_12574_01_acs_wfc_f814w_jbs801_drc.fits"", ""product_path_1"": ""/home/primary/SUPERNOVA/data/cache/mast_products/HST/hst_skycell-p1458x13y04_acs_wfc_f814w_all/hst_skycell-p1458x13y04_acs_wfc_f814w_all_drc.fits"", ""product_path_2"": ""/home/primary/SUPERNOVA/data/cache/mast_products/HST/hst_12574_01_acs_wfc_f814w_jbs801/hst_12574_01_acs_wfc_f814w_jbs801_drc.fits"", ""product_priority_1"": 181.0, ""product_priority_2"": 181.0, ""product_uri_1"": ""mast:HST/product/hst_skycell-p1458x13y04_acs_wfc_f814w_all_drc.fits"", ""product_uri_2"": ""mast:HST/product/hst_12574_01_acs_wfc_f814w_jbs801_drc.fits""}, ""scale_factor_post_to_pre"": 1.5807344048497391}",0.2694578416475906,KEEP,0.4138243685341006,0.2289421612695613,NO_MATCH,,False,False,,4.667664610719369,0.1764395158649084,-0.389701894943456,2,UNIQUE,pair_proxy,2,1.1241931116896655,2.8392607636780327,4.667664610719369,2,,0.1213066715715532,0.0220469096634023,,,,,,,,,,,,,False,,,,,,,,False,['POST_DEPTH_OK'],[],False,False,False,False,False,3368.4125866800023,5.5022074940925325,4.667664610719369,0.1764395158649084,0.27819936810959267,0.02644261250749989,0.7978852689484452,0.14939549615885864,0.8833605140538315,0.9689467794631776,0.08228100252556553,0.1764395158649084,0.2352941176470592,0.3,0.0,0.0,0.0,0.0,0.0,0.12155198047259994,0.6646350447511631,0.031053220536822357,0.0,0.30993487111691564,0.0,0.0,0.3457002404232239,0.3493887140240908,0.0,0.1598545909708492,0.4737309263401781,0.35134124057495775,0.15,0.20057073766303288,0.7660516001624581,"[""LONG_BASELINE"", ""LOCALLY_UNIQUE"", ""NO_ALL_EPOCH_FOLLOWUP""]",VARIABLE_OR_UNRESOLVED,MEDIUM,15
6dF_J0245599-073443_hst_11575_02_acs_wfc_f814w_jb4u02_hst_14226_01_acs_wfc_f814w_jcuc01_0061,6dF J0245599-073443::hst_11575_02_acs_wfc_f814w_jb4u02::hst_14226_01_acs_wfc_f814w_jcuc01,6dF J0245599-073443,41.496167253351786,-7.572680300542349,REVIEW,7.437005357436616,10.525138004365376,0.5990641919307466,10.525138004365376,7.7567272548091255,7.7567272548091255,3.83286161386492,5.071811841838416,0.0,0.0,0.0063354619648279325,0.1660515139217634,0.9893276654359516,26415511,26473578,hst_11575_02_acs_wfc_f814w_jb4u02,hst_14226_01_acs_wfc_f814w_jcuc01,F814W,F814W,55459.85869659,57599.75975713,/home/primary/SUPERNOVA/candidate_packets/6dF_J0245599-073443_hst_11575_02_acs_wfc_f814w_jb4u02_hst_14226_01_acs_wfc_f814w_jcuc01_0061/6dF_J0245599-073443_hst_11575_02_acs_wfc_f814w_jb4u02_hst_14226_01_acs_wfc_f814w_jcuc01_0061_cutout.png,"[""POST_DEPTH_OK"", ""ROBUST_FADE_SIG""]",[],"{""baseline_days"": 2139.9010605399963, ""compatibility"": ""exact"", ""edge_distance_px"": 127.27922061357856, ""n_scale_sources"": 77, ""pair_score"": 1.4000000000000001, ""product_info"": {""image_ext_1"": ""SCI"", ""image_ext_2"": ""SCI"", ""obs_id_1"": ""hst_11575_02_acs_wfc_f814w_jb4u02"", ""obs_id_2"": ""hst_14226_01_acs_wfc_f814w_jcuc01"", ""obsid_1"": 26415511, ""obsid_2"": 26473578, ""product_filename_1"": ""hst_11575_02_acs_wfc_f814w_jb4u02_drc.fits"", ""product_filename_2"": ""hst_14226_01_acs_wfc_f814w_jcuc01_drz.fits"", ""product_path_1"": ""/home/primary/SUPERNOVA/data/cache/mast_products/HST/hst_11575_02_acs_wfc_f814w_jb4u02/hst_11575_02_acs_wfc_f814w_jb4u02_drc.fits"", ""product_path_2"": ""/home/primary/SUPERNOVA/data/cache/mast_products/HST/hst_14226_01_acs_wfc_f814w_jcuc01/hst_14226_01_acs_wfc_f814w_jcuc01_drz.fits"", ""product_priority_1"": 181.0, ""product_priority_2"": 181.0, ""product_uri_1"": ""mast:HST/product/hst_11575_02_acs_wfc_f814w_jb4u02_drc.fits"", ""product_uri_2"": ""mast:HST/product/hst_14226_01_acs_wfc_f814w_jcuc01_drz.fits""}, ""scale_factor_post_to_pre"": 0.977194455185684}",0.2659536691863786,KEEP,0.3386681475650434,0.1297222357869523,NO_MATCH,,False,False,,,,0.0,0,WEAK,pair_proxy,2,0.5922006928671386,11.72542802024343,,0,,3.153642029904045,0.0556757396030785,,,,,,,,,,,,,False,,,,,,,,False,"['POST_DEPTH_OK', 'ROBUST_FADE_SIG']",[],False,True,False,False,False,2139.9010605399963,56.64301996501308,,,0.21820668271057247,0.19973187615859586,0.21538526497681953,0.4147627321742174,0.7679532476820582,0.9893276654359516,0.0,0.3,0.0,0.3,0.0,0.0,0.0,0.0,0.0,0.06379441441516176,0.04234751809751553,0.010672334564048369,0.0,0.7537586422797458,0.0,0.0,0.3749753774953329,0.24,0.0,0.1245377449682668,0.3035906495364117,0.3424295391209474,0.15,0.17632349716556733,0.8230355634684178,"[""HIGH_SIGNIFICANCE_FADE"", ""LONG_BASELINE"", ""NO_ALL_EPOCH_FOLLOWUP""]",VARIABLE_OR_UNRESOLVED,LOW,16
6dF_J0245599-073443_hst_11575_02_acs_wfc_f814w_jb4u02_hst_14226_01_acs_wfc_f814w_jcuc01_0002,6dF J0245599-073443::hst_11575_02_acs_wfc_f814w_jb4u02::hst_14226_01_acs_wfc_f814w_jcuc01,6dF J0245599-073443,41.49489247152325,-7.581483223540373,REVIEW,5.720533548763026,11.357445116405493,0.5828912847733079,11.357445116405493,5.972514344604412,5.972514344604412,15.944528700725687,5.583213988001132,0.0,0.0,0.014983255606209988,0.1660515139217634,0.9775379528669805,26415511,26473578,hst_11575_02_acs_wfc_f814w_jb4u02,hst_14226_01_acs_wfc_f814w_jcuc01,F814W,F814W,55459.85869659,57599.75975713,/home/primary/SUPERNOVA/candidate_packets/6dF_J0245599-073443_hst_11575_02_acs_wfc_f814w_jb4u02_hst_14226_01_acs_wfc_f814w_jcuc01_0002/6dF_J0245599-073443_hst_11575_02_acs_wfc_f814w_jb4u02_hst_14226_01_acs_wfc_f814w_jcuc01_0002_cutout.png,"[""POST_DEPTH_OK"", ""ROBUST_FADE_SIG""]",[],"{""baseline_days"": 2139.9010605399963, ""compatibility"": ""exact"", ""edge_distance_px"": 17.46424919657298, ""n_scale_sources"": 77, ""pair_score"": 1.4000000000000001, ""product_info"": {""image_ext_1"": ""SCI"", ""image_ext_2"": ""SCI"", ""obs_id_1"": ""hst_11575_02_acs_wfc_f814w_jb4u02"", ""obs_id_2"": ""hst_14226_01_acs_wfc_f814w_jcuc01"", ""obsid_1"": 26415511, ""obsid_2"": 26473578, ""product_filename_1"": ""hst_11575_02_acs_wfc_f814w_jb4u02_drc.fits"", ""product_filename_2"": ""hst_14226_01_acs_wfc_f814w_jcuc01_drz.fits"", ""product_path_1"": ""/home/primary/SUPERNOVA/data/cache/mast_products/HST/hst_11575_02_acs_wfc_f814w_jb4u02/hst_11575_02_acs_wfc_f814w_jb4u02_drc.fits"", ""product_path_2"": ""/home/primary/SUPERNOVA/data/cache/mast_products/HST/hst_14226_01_acs_wfc_f814w_jcuc01/hst_14226_01_acs_wfc_f814w_jcuc01_drz.fits"", ""product_priority_1"": 181.0, ""product_priority_2"": 181.0, ""product_uri_1"": ""mast:HST/product/hst_11575_02_acs_wfc_f814w_jb4u02_drc.fits"", ""product_uri_2"": ""mast:HST/product/hst_14226_01_acs_wfc_f814w_jcuc01_drz.fits""}, ""scale_factor_post_to_pre"": 0.977194455185684}",0.2586979295482011,KEEP,0.3349007969938659,0.1332845849589143,NO_MATCH,,False,False,,,,0.0,0,WEAK,pair_proxy,2,0.5785604109268381,6.784807006598324,,0,,3.1993269210339044,0.0585433385112117,,,,,,,,,,,,,False,,,,,,,,False,"['POST_DEPTH_OK', 'ROBUST_FADE_SIG']",[],False,True,False,False,False,2139.9010605399963,54.648863600786925,,,0.19632231687078222,0.2224034795906052,0.20044996890251632,0.3123978614005882,0.7679532476820582,0.9775379528669805,0.0,0.3,0.0,0.3,0.0,0.0,0.0,0.0,0.0,0.15155902995186601,0.04234751809751553,0.02246204713301947,0.0,0.7469364320604881,0.0,0.0,0.3591034056342443,0.24,0.0,0.13357516250552914,0.3035906495364117,0.3314212435443513,0.15,0.1835144045732704,0.825416359247581,"[""HIGH_SIGNIFICANCE_FADE"", ""LONG_BASELINE"", ""NO_ALL_EPOCH_FOLLOWUP""]",VARIABLE_OR_UNRESOLVED,LOW,17
MESSIER_101_hst_9490_02_acs_wfc_f555w_j8d602_hst_14678_01_acs_wfc_f555w_jd6v01_1482,MESSIER 101::hst_9490_02_acs_wfc_f555w_j8d602::hst_14678_01_acs_wfc_f555w_jd6v01,MESSIER 101,210.79750327854626,54.35236443468259,REVIEW,2.413755456445804,7.554690594519758,0.6655185672353121,7.554690594519758,6.418565055257834,6.418565055257834,4.67180450807149,3.391938897006833,0.0,0.0,0.09686436805122264,0.9794946630960235,0.7740911161713131,26321563,26481492,hst_9490_02_acs_wfc_f555w_j8d602,hst_14678_01_acs_wfc_f555w_jd6v01,F555W,F555W,52591.73689722,57919.6925697,/home/primary/SUPERNOVA/candidate_packets/MESSIER_101_hst_9490_02_acs_wfc_f555w_j8d602_hst_14678_01_acs_wfc_f555w_jd6v01_1482/MESSIER_101_hst_9490_02_acs_wfc_f555w_j8d602_hst_14678_01_acs_wfc_f555w_jd6v01_1482_cutout.png,"[""POST_DEPTH_OK"", ""ROBUST_FADE_SIG""]",[],"{""baseline_days"": 5327.955672479999, ""compatibility"": ""exact"", ""edge_distance_px"": 205.30221625691235, ""n_scale_sources"": 1013, ""pair_score"": 1.4000000000000001, ""product_info"": {""image_ext_1"": ""SCI"", ""image_ext_2"": ""SCI"", ""obs_id_1"": ""hst_9490_02_acs_wfc_f555w_j8d602"", ""obs_id_2"": ""hst_14678_01_acs_wfc_f555w_jd6v01"", ""obsid_1"": 26321563, ""obsid_2"": 26481492, ""product_filename_1"": ""hst_9490_02_acs_wfc_f555w_j8d602_drc.fits"", ""product_filename_2"": ""hst_14678_01_acs_wfc_f555w_jd6v01_drc.fits"", ""product_path_1"": ""/home/primary/SUPERNOVA/data/cache/mast_products/HST/hst_9490_02_acs_wfc_f555w_j8d602/hst_9490_02_acs_wfc_f555w_j8d602_drc.fits"", ""product_path_2"": ""/home/primary/SUPERNOVA/data/cache/mast_products/HST/hst_14678_01_acs_wfc_f555w_jd6v01/hst_14678_01_acs_wfc_f555w_jd6v01_drc.fits"", ""product_priority_1"": 181.0, ""product_priority_2"": 181.0, ""product_uri_1"": ""mast:HST/product/hst_9490_02_acs_wfc_f555w_j8d602_drc.fits"", ""product_uri_2"": ""mast:HST/product/hst_14678_01_acs_wfc_f555w_jd6v01_drc.fits""}, ""scale_factor_post_to_pre"": 0.9321586768734117}",0.2204786932439031,KEEP,0.3551978472235631,0.4186688436597512,NO_MATCH,,False,False,,,,0.0,0,WEAK,pair_proxy,2,0.5708914720759678,6.71525559325892,,0,,0.2890199945918356,0.2022479627111074,,,,,,,,,,,,,False,,,,,,,,False,"['POST_DEPTH_OK', 'ROBUST_FADE_SIG']",[],False,True,False,False,False,5327.955672479999,1.4290378539173423,,,0.30812940635342284,0.10095179702421052,0.1920529377550098,0.310469853067285,1.0,0.7740911161713131,0.0,0.3,0.0,0.3,0.0,0.0,0.0,0.0,0.0,0.9825529980625236,1.0,0.2259088838286869,0.0,0.05331489053087371,0.0,0.0,0.34851288054364915,0.24,0.0,0.2976594995656347,0.35,0.27240369659749186,0.15,0.3124820323136839,0.8177230679184527,"[""LONG_BASELINE"", ""CROSS_REDUCTION_TENSION"", ""NO_ALL_EPOCH_FOLLOWUP""]",VARIABLE_OR_UNRESOLVED,MEDIUM,18
